ID; name; birthdate; address; city; ZIP; state; phoneNumber
1; Yasmin Graham; 1965-12-05; 622; Sharenport; Vermont; 80220; 403 061 940
2; Lavera Heidenreich DDS; 1969-03-10; 094; Goodwinview; Utah; 78361; 215 499 299
3; Corrine Corwin; 2000-10-15; 4972; East Lorenzomouth; New Jersey; 53707; 076 111 600
4; Kory Schinner DDS; 1995-06-03; 70083; New Claristown; New Jersey; 20754; 723 594 971
5; Ms. Sparkle Zieme; 1972-02-09; 64733; East Ronnie; South Dakota; 98684; 792 283 480
6; Ozella Wuckert II; 1966-11-12; 500; South Zachery; Ohio; 58444; 789 409 967
7; Jeane Orn; 1997-07-01; 139; Kochmouth; Maine; 45155; 660 269 643
8; Maritza Stehr; 1980-02-05; 0343; Darwinberg; Florida; 31037; 011 837 914
9; Shaun Mayer V; 1973-04-18; 8194; Port Gaylord; Iowa; 43507; 870 311 138
10; Marcel Boyer; 1997-08-11; 4943; West Breanne; Delaware; 54229; 647 336 277
11; Savannah Muller; 1964-02-15; 962; North Codyport; Maryland; 56782; 034 767 051
12; Alysia McDermott IV; 1976-05-26; 0449; North Nobleland; Kansas; 27878; 570 696 569
13; Daren Labadie; 1991-10-23; 3220; Millsbury; Tennessee; 51031; 557 851 973
14; Wendolyn Farrell; 1993-01-28; 715; Jinaland; Louisiana; 78077; 895 633 837
15; Beth Rogahn; 1978-12-19; 039; West Marcus; Minnesota; 09897; 646 635 891
16; Tina Kassulke; 1981-06-22; 640; East Burl; North Carolina; 70545; 901 649 345
17; Dr. Angle Keeling; 1959-06-01; 3351; East Georgie; Arkansas; 36428; 195 026 131
18; Elwanda Walker; 1961-05-13; 62013; Tillmanborough; California; 76688; 910 995 250
19; Angelina Feil; 1988-12-16; 520; Larkinchester; Washington; 95435; 610 096 309
20; Miss Rickie Kris; 1961-08-08; 5302; Fredericberg; Alabama; 53025; 536 498 603
21; Juana Brakus PhD; 1969-06-22; 0026; Morissettestad; Arizona; 26202; 348 394 253
22; Min Sauer; 1998-08-08; 2574; New Verleneview; Oklahoma; 17814; 771 187 028
23; Mr. Gregorio Bechtelar; 1986-05-17; 833; Leonorabury; North Carolina; 80206; 185 355 006
24; Antone Gibson; 1983-03-21; 67815; Wunschshire; Delaware; 97277; 658 203 896
25; Ezra Pfeffer; 1969-04-09; 25732; South Judetown; New Jersey; 65485; 636 039 500
26; Heide Kihn; 1983-08-06; 4871; Paucekberg; Wisconsin; 99086; 275 600 112
27; Audrea Lind Jr.; 1983-07-01; 551; North Ellsworthport; Mississippi; 24647; 914 508 524
28; Eusebio Bauch; 1969-08-22; 780; Wisozkborough; Wisconsin; 20104; 830 667 862
29; Dr. Shakita Reichel; 1960-05-16; 83716; New Vennie; Colorado; 68898; 176 548 425
30; Sam Bernhard; 1969-09-21; 7977; South Jeramychester; Massachusetts; 08267; 852 254 446
31; Rob Powlowski; 1986-11-17; 16843; Tommieburgh; Vermont; 24507; 403 761 241
32; Kara Reilly; 1963-05-09; 18785; North Alfonzoview; Mississippi; 63760; 043 324 660
33; India Larson MD; 1985-03-03; 596; Geneviefort; Rhode Island; 42587; 379 280 971
34; Donella Carter Sr.; 1961-05-29; 7379; Port Erynland; Massachusetts; 15513; 915 001 835
35; Charley Stiedemann; 1987-11-14; 248; East Rob; Indiana; 08015; 292 113 844
36; Taylor Dicki; 1969-01-28; 052; Michaelfort; North Carolina; 26567; 406 608 499
37; Dr. Alla Kutch; 1965-03-26; 3327; East Willenaberg; Kansas; 72378; 183 337 978
38; Johnny Schowalter; 1971-04-25; 3591; Madelineport; New Jersey; 42033; 772 434 089
39; Miss Tomas Walter; 1993-06-01; 977; West Cierraland; Illinois; 89352; 723 740 485
40; Mr. Ron Sauer; 1965-11-18; 6912; East Karine; North Dakota; 38427; 269 662 448
41; Jae Nikolaus; 1999-04-28; 583; Kovacekborough; Maine; 49037; 400 162 439
42; Darlena Hyatt; 1996-07-21; 3344; Port Jeremiah; Nevada; 06114; 600 524 956
43; Cornell Parisian; 1977-10-17; 019; Millerburgh; New Jersey; 74428; 868 510 572
44; Lakita White; 1974-10-09; 4428; Wisozkmouth; Alaska; 17124; 678 785 527
45; Patrick Gutmann DVM; 1965-09-17; 53410; Sengerport; Wisconsin; 20299; 475 924 588
46; Debbra Kuhic; 2000-04-23; 52928; South Felice; Missouri; 82061; 433 989 229
47; Mr. Wilford Koelpin; 1995-05-04; 8942; New Lashontown; Louisiana; 74372; 386 705 806
48; Wai Cremin; 1997-04-26; 4593; North Carlside; Colorado; 00520; 402 925 918
49; Marlon Aufderhar; 2002-02-25; 76659; Lake Adelaidaside; Oklahoma; 49328; 285 128 587
50; Gabriel Hills Sr.; 1960-03-14; 1211; Port Maria; Missouri; 46602; 253 095 084
51; Saundra Kling; 1988-12-16; 6256; Port Odelia; Massachusetts; 26132; 602 583 629
52; Robbin Schuster DDS; 2004-01-18; 9434; East Rosalind; Washington; 92415; 322 795 793
53; Opal Schmidt; 1991-05-19; 40970; East Reyesmouth; Delaware; 40014; 265 622 242
54; Truman Harvey; 1958-02-11; 5352; South Mertiefurt; Tennessee; 68900; 394 249 231
55; Camie Hane IV; 1964-02-29; 71662; Port Tressa; Missouri; 33125; 855 874 365
56; Alexander Cole II; 1976-08-27; 148; Auershire; Tennessee; 16223; 104 419 143
57; Cecil Roob; 2002-09-03; 14468; New Arnold; New York; 64156; 867 068 792
58; Marcelo Auer; 1976-03-16; 4595; West Rosamondshire; Arkansas; 27701; 830 646 100
59; Dr. Nia Rowe; 1992-03-16; 821; Port Loreenburgh; Indiana; 11943; 245 909 956
60; Denver Veum; 1960-09-15; 59808; Lake Rafaelland; Vermont; 50376; 983 941 349
61; Kelly Boehm; 1986-12-09; 312; Rustyview; Vermont; 43931; 899 027 833
62; Pamela Feil; 1987-03-14; 82513; Levibury; Minnesota; 18240; 497 873 861
63; Eliseo Lebsack; 1985-10-26; 33449; Louettabury; North Carolina; 43449; 770 866 588
64; Mrs. Son Koch; 1968-02-15; 5117; Bernierport; Maryland; 18978; 483 425 482
65; Harlan Terry; 1968-05-27; 24525; New Stellamouth; Louisiana; 14333; 042 388 615
66; Mr. Willis Stamm; 2002-02-05; 84438; Lindgrenland; Hawaii; 96620; 484 138 938
67; Roselia Hartmann; 2003-01-09; 0552; New Donnettehaven; Arizona; 38028; 541 472 697
68; Columbus Wunsch; 1990-06-16; 21375; North German; West Virginia; 92196; 920 198 899
69; Chase Bayer; 1999-10-28; 55846; West Trinidadhaven; Utah; 87251; 317 399 284
70; Alycia Runolfsdottir II; 2002-04-23; 503; Lake Heike; Michigan; 27663; 887 639 013
71; Cecil Weissnat; 1975-07-12; 08278; Torpburgh; Delaware; 85384; 640 183 750
72; Lorilee Kozey; 2001-05-28; 04464; Port Erasmo; Connecticut; 72077; 576 777 767
73; Ms. See Romaguera; 1975-01-13; 6043; Loisehaven; South Dakota; 63931; 785 566 735
74; Sherri Homenick; 1960-07-10; 4349; Lake Ha; Arizona; 64684; 113 414 982
75; Tegan Batz DDS; 1961-04-24; 0076; Dickensport; Michigan; 94181; 627 075 964
76; Simon Fadel; 1982-02-17; 944; Ivorybury; North Dakota; 69703; 634 771 106
77; Craig Gleichner; 1960-12-28; 23794; South Arlinefurt; New Mexico; 09344; 867 224 250
78; Mrs. Bud Herzog; 1996-02-21; 366; Burtonmouth; Arizona; 75344; 585 511 358
79; Kelly Doyle; 1961-07-29; 43020; Patricamouth; Montana; 72048; 724 782 670
80; Billy Jaskolski I; 1958-12-18; 7763; Hillsview; Pennsylvania; 87798; 501 385 143
81; Antoinette Emmerich; 1990-11-15; 230; West Lester; California; 06022; 039 384 556
82; Ali Moore III; 1985-10-19; 83880; Port Rod; Kentucky; 79393; 860 655 734
83; Desire Okuneva; 1994-07-22; 41406; New Phillismouth; Iowa; 85631; 866 711 875
84; Kindra Robel; 1966-09-19; 3086; Lake Jacintobury; Michigan; 38422; 675 556 231
85; Arron Gottlieb; 1961-12-06; 9808; Waltertown; Florida; 93232; 688 720 631
86; Marceline Wilderman IV; 1978-08-27; 9534; Langworthport; Delaware; 67833; 413 333 154
87; Michel Franecki; 1980-05-09; 7028; East Luther; Oregon; 47926; 524 276 489
88; Justin Grady II; 1971-12-05; 070; Lake Elmer; California; 19991; 946 214 491
89; Lyle Pfeffer PhD; 1979-04-14; 96483; New Luther; Kentucky; 20804; 282 113 427
90; Nolan Borer III; 1980-06-25; 8081; Magaretmouth; Indiana; 00631; 668 658 200
91; Lemuel Stroman; 1998-06-04; 656; Nikolausland; Mississippi; 53819; 002 571 125
92; Beverley Jerde; 1967-09-01; 930; Port Edgarfurt; Alabama; 52150; 836 369 217
93; Deonna McLaughlin; 1968-01-09; 39688; North Nanafurt; Georgia; 79671; 192 439 120
94; Rachell Ward; 1994-10-25; 0034; West Alton; Mississippi; 07093; 043 500 318
95; Miss Dexter Wisoky; 1967-06-22; 6920; Schimmelstad; West Virginia; 64592; 398 175 657
96; Tommy Dach; 1998-03-06; 016; Lake Davis; Massachusetts; 96434; 150 283 212
97; Blanch VonRueden; 1966-12-07; 317; West Corene; Rhode Island; 73412; 936 818 757
98; Miss Dexter Paucek; 1958-01-23; 19498; North Blossomland; Montana; 18806; 450 758 187
99; Vikki Weber; 1960-01-01; 0383; Cyrilville; Arizona; 66118; 444 394 624
100; Dr. Emmanuel Wisozk; 1981-08-09; 27730; Carlomouth; West Virginia; 53750; 915 253 781
101; Boyd Reichert Sr.; 1989-06-28; 626; Irinaburgh; Maryland; 94187; 178 808 711
102; Treasa Wolff; 1980-09-09; 65940; West Jimmie; Texas; 36710; 404 637 368
103; Mr. Darrick Marquardt; 1990-09-21; 6883; Armandafurt; Arkansas; 85380; 105 661 386
104; Brant Schmidt; 1976-06-07; 60674; Jefferyborough; Wyoming; 37599; 373 851 112
105; Francoise Jacobson; 2000-11-22; 616; South Ramonafort; Delaware; 07000; 795 134 767
106; Jefferson Kris V; 1958-04-03; 35234; Willmsberg; Montana; 31050; 443 278 102
107; Melinda Streich; 1982-02-28; 544; Robertsview; North Dakota; 74386; 665 090 464
108; Leisha Kunze; 1988-01-10; 04804; North Donaville; Oregon; 97040; 912 282 562
109; Peter D'Amore; 1990-05-13; 30388; Rodriguezmouth; Alaska; 30111; 079 665 709
110; Manie White; 1971-06-06; 5896; North Manstad; Vermont; 67372; 441 323 213
111; Edwina Batz; 1996-07-26; 791; Port Henryfort; Wisconsin; 21556; 706 721 885
112; Ben Stehr; 2002-01-18; 107; Brantton; Idaho; 93533; 956 936 522
113; Thora Labadie; 1958-07-24; 2931; Hyattborough; Oregon; 00527; 470 159 187
114; Randy O'Hara; 1992-06-01; 0169; North Danny; Michigan; 74065; 697 171 821
115; Callie Koelpin; 1989-10-09; 58609; West Tracey; Oregon; 82474; 095 296 208
116; Jessie Torp PhD; 1964-07-13; 45060; Lake Hoytfurt; Kentucky; 24062; 832 058 577
117; Mrs. Myung Hansen; 1986-02-21; 5640; East Zacharyburgh; Alaska; 91313; 060 272 381
118; Saturnina Balistreri; 1980-02-09; 2579; Reynoldsview; Tennessee; 06951; 109 635 439
119; Sherwood Powlowski; 1962-09-24; 15172; Jerilynberg; South Carolina; 06656; 494 744 297
120; Denisha Reilly; 1974-12-26; 32640; Port Luigibury; Wyoming; 84982; 009 430 839
121; Bob Runte I; 1995-07-20; 9453; Port Carmine; Louisiana; 97791; 280 062 200
122; Lenita Larson III; 1986-01-07; 65895; West Silvana; Illinois; 17070; 421 964 554
123; Thora Kunde; 1998-07-24; 736; Raymundotown; Rhode Island; 98634; 646 320 388
124; Albert Boehm Jr.; 1958-11-20; 810; Port Wayne; Delaware; 25061; 842 876 841
125; Ms. Arie Wiza; 1985-05-29; 84404; Kirlinhaven; Missouri; 43269; 409 663 351
126; Gerald Weimann; 1958-05-10; 8895; Blockhaven; Arizona; 93251; 216 932 625
127; Rolland Effertz; 1974-10-08; 57907; Nicholasfort; Georgia; 68089; 496 117 917
128; Jay Schmidt; 1985-06-01; 16229; Martaberg; Vermont; 62539; 877 369 671
129; Meridith McGlynn; 1967-05-29; 331; South Deannefort; Michigan; 29242; 949 410 972
130; Kanesha Skiles; 1984-03-06; 201; South Judsonfurt; Kentucky; 19897; 661 884 486
131; Kendall Glover; 1985-10-11; 89280; Webermouth; Illinois; 14978; 728 129 416
132; Laurence Connelly; 1994-12-29; 89012; Lake Homer; Missouri; 00572; 939 213 268
133; Reynaldo Keeling; 1986-01-13; 754; West Curtischester; Wyoming; 38918; 473 200 426
134; Valorie Stark; 1985-01-21; 2168; South Keithmouth; Ohio; 23978; 032 736 162
135; Quincy Corwin; 1993-07-25; 69942; Collinsville; Kansas; 52262; 050 144 984
136; Felicitas Gislason; 1984-04-27; 977; Whiteland; New York; 19077; 582 069 629
137; Dorian Grant; 1987-09-08; 33038; Port Lisebury; New Hampshire; 05720; 111 367 627
138; Scottie Cummerata; 2001-05-11; 440; Nolanfurt; South Dakota; 97851; 035 583 936
139; Douglas Thiel; 1980-02-13; 83063; Baumbachstad; South Carolina; 68817; 655 741 099
140; Bernard Will; 1994-04-08; 8863; South Randystad; Vermont; 68388; 946 020 067
141; Coy Gislason; 2002-04-18; 6598; Rileyview; New Mexico; 73748; 011 702 865
142; Terrance Hoppe; 1977-09-03; 21645; North Metaview; Wyoming; 58575; 299 947 050
143; Maurice Olson; 1987-05-31; 547; Hintzburgh; Virginia; 13184; 384 717 189
144; Jewell Roob MD; 1999-01-10; 5798; Powlowskiview; Michigan; 78684; 214 508 433
145; Cesar Lockman; 1961-10-06; 169; O'Connellton; Virginia; 61571; 053 377 053
146; Carry Pfeffer; 2000-02-16; 8652; Willianborough; Idaho; 61417; 849 609 486
147; Mrs. Wilburn Rogahn; 1994-05-31; 010; East Duncan; Michigan; 40543; 437 958 354
148; Fidela Johnston; 1980-05-13; 39167; South Janisechester; Nevada; 17295; 332 227 748
149; Annalee Larkin; 1976-07-13; 649; Darioside; Texas; 25914; 519 597 170
150; Jarrett Leannon; 1997-09-09; 13853; Ngaberg; Oklahoma; 00138; 137 720 757
151; Cayla Orn; 2000-05-09; 14129; Lake Jordon; South Dakota; 42900; 961 862 188
152; Alton Schneider Jr.; 1988-08-09; 7618; Diegofurt; Kentucky; 72929; 958 737 945
153; Luise Schultz; 1986-04-23; 07277; Lewisside; Indiana; 67573; 809 241 984
154; Serena Willms MD; 1985-07-11; 910; New Cheryl; Missouri; 51694; 034 349 286
155; Sydney Lehner; 1972-06-03; 3051; South Toshia; Alaska; 83509; 016 826 547
156; Ms. Johanna Armstrong; 1966-03-20; 504; McGlynnport; Ohio; 26167; 107 280 690
157; Hai Schimmel PhD; 1958-05-07; 856; New Billie; Massachusetts; 88058; 160 140 965
158; Shela Koss; 1965-12-30; 66986; Port Carlshire; Rhode Island; 31308; 535 523 112
159; Karen Spencer; 1973-09-04; 2840; West Waldoland; Indiana; 33063; 514 796 841
160; Frankie Schroeder II; 1963-12-24; 70635; Laramouth; Tennessee; 05527; 068 985 487
161; Miss Gladis Mayer; 1957-12-24; 45621; South Johnettehaven; New Jersey; 08293; 803 620 622
162; Zachariah Steuber; 2003-07-14; 3711; Reingerborough; Virginia; 03700; 062 242 944
163; Magaret Schmeler; 2000-05-25; 39229; Cindyton; California; 17850; 176 376 337
164; Jazmine Heathcote; 2004-09-29; 0394; East Michal; Kansas; 67025; 364 149 435
165; Rosendo Nikolaus; 1968-07-22; 50029; Port Vernonberg; Kansas; 87804; 507 536 604
166; Ivy Hintz; 2001-10-16; 679; South Vernfort; Michigan; 15722; 867 486 913
167; Miss Noreen Bins; 1992-08-04; 01846; East Curtisville; Iowa; 37862; 353 162 719
168; Maryjo Wehner Sr.; 1985-07-06; 300; Cronahaven; Kentucky; 39530; 590 296 119
169; Hugh Schumm; 1975-09-18; 428; Careymouth; Maine; 33568; 588 761 627
170; Madalene Hessel; 1969-01-23; 2500; West Consuelotown; Arizona; 41539; 436 478 065
171; Mrs. Kylee Koepp; 2002-12-06; 348; Kubberg; Connecticut; 81118; 272 462 605
172; Lonnie Mills PhD; 1969-06-06; 9151; Loweburgh; Hawaii; 67708; 375 063 439
173; Sondra Connelly; 1993-02-03; 458; Runolfsdottirburgh; Connecticut; 16676; 258 340 444
174; Lane Haley; 1963-01-21; 4830; Port Jeniseville; Kansas; 57270; 757 592 060
175; Sammy Pollich; 2000-09-28; 0506; Port Louis; Ohio; 67094; 798 091 682
176; Angeles Emard; 1984-01-08; 90397; West Marlin; Virginia; 36622; 412 698 365
177; Mrs. Reita Dooley; 1972-08-31; 7239; New Hilton; New York; 57498; 497 549 828
178; Ted Quigley III; 1976-03-21; 8224; Mabellehaven; Wisconsin; 78297; 966 726 838
179; Gabriel Yundt III; 2000-07-03; 666; Lednerville; Oklahoma; 87537; 964 672 349
180; Todd Zboncak; 1966-11-12; 94230; New Maganborough; Maryland; 29066; 967 074 141
181; Lester West; 1995-01-21; 5731; Port Mikaelachester; Georgia; 97253; 874 759 606
182; Walker Stiedemann Sr.; 1959-12-17; 0908; New Denisshire; Delaware; 43068; 874 068 470
183; Travis Larson V; 1964-09-11; 666; Epifaniaborough; Mississippi; 67930; 948 724 938
184; Estrella Graham; 1963-12-20; 2199; New Wilburnmouth; California; 92566; 808 629 597
185; Felipe Bayer III; 1979-04-22; 4206; Lake Leroy; New Hampshire; 33923; 228 857 071
186; Anton Lubowitz PhD; 1962-04-09; 023; South Ethelynshire; Utah; 99504; 391 537 003
187; Lucas Armstrong PhD; 1994-08-01; 979; Leonardoville; Utah; 00324; 984 834 999
188; Cedrick Johnson; 1999-01-12; 8372; South Jess; Louisiana; 71284; 931 517 673
189; Bonnie McKenzie; 2004-01-10; 564; Zachariahchester; Alaska; 21398; 792 335 290
190; Ms. Sophia Goldner; 1967-06-01; 17659; Edwardview; Kansas; 89681; 232 882 072
191; Enedina Emard; 1964-09-03; 380; Hermanchester; Colorado; 77757; 706 155 577
192; Denice Willms; 2004-01-19; 653; Kulasberg; South Carolina; 02186; 532 563 868
193; Alanna Nitzsche; 1990-07-02; 168; Gibsonland; Wisconsin; 04395; 902 143 532
194; Joann Konopelski; 1991-04-27; 59784; West Jacalyn; Connecticut; 27595; 720 630 439
195; Izetta Marvin; 1971-09-16; 687; Hintzbury; Kansas; 04327; 559 372 510
196; Svetlana Mueller PhD; 1968-02-05; 6477; Shayneburgh; New Jersey; 03942; 387 287 182
197; Dorian Moore PhD; 1991-01-31; 345; South Franklinburgh; New York; 25255; 252 019 480
198; Ms. Rozella Daniel; 1999-05-22; 7994; New Adelaidaview; Georgia; 80692; 028 015 414
199; Cary Metz; 1981-11-21; 079; O'Reillyton; Arizona; 29849; 779 629 764
200; Nickole Weimann; 1973-06-29; 68488; Wilberfort; South Dakota; 74589; 350 766 921
201; Rogelio O'Connell; 1970-12-31; 9410; West Kayceefort; Virginia; 52624; 458 094 599
202; Lynetta Keeling; 1975-12-18; 0317; Lake Ike; Nebraska; 39774; 059 512 247
203; Walter Hills I; 1960-05-27; 765; Parisianport; Connecticut; 13564; 309 002 998
204; Dr. Benedict Hartmann; 1973-10-24; 919; Goldnermouth; Arkansas; 34597; 321 922 980
205; Ms. Lucretia Schimmel; 1995-11-28; 468; East Lesia; Pennsylvania; 07075; 315 599 252
206; Lenard Wisozk; 1969-12-02; 20527; North Abram; West Virginia; 03473; 062 767 874
207; Ms. Granville Sauer; 1967-05-09; 170; Willmsmouth; Louisiana; 36251; 283 416 363
208; Josiah Konopelski MD; 1981-04-14; 251; New Deborah; Louisiana; 38327; 770 360 901
209; Jermaine Wiegand; 1973-07-07; 367; Kshlerinstad; Connecticut; 59873; 164 150 724
210; Candi Friesen; 1967-05-29; 8384; Bernieside; Wyoming; 76536; 090 677 534
211; Hoyt Ortiz II; 1981-11-22; 7340; Sauermouth; Minnesota; 73960; 280 212 414
212; Nicolasa Carroll; 1961-10-19; 1896; Port Jude; Utah; 86637; 487 669 888
213; Betsy Conn PhD; 1989-03-02; 66712; New Arnoldo; Kentucky; 68110; 554 216 074
214; Adolph O'Conner; 1992-04-18; 0732; Delfinaborough; Maine; 25611; 017 495 175
215; Roscoe Feeney; 1965-11-13; 296; Bergeberg; Georgia; 08183; 793 715 877
216; Rosaline Mayer DVM; 1982-09-23; 04489; North Blairmouth; West Virginia; 99921; 862 938 052
217; Ahmad Cronin; 1970-09-11; 196; Ricoton; Florida; 28855; 853 730 180
218; Williams Schaefer; 1961-04-23; 922; Jacklynmouth; Michigan; 54893; 874 656 412
219; Jonah Erdman; 1961-10-04; 707; Brakuston; Mississippi; 68605; 478 427 778
220; Kimber Orn; 1965-11-05; 0175; Leighaberg; Idaho; 09509; 769 236 863
221; Loris Cremin; 1973-09-11; 800; West Ethelfort; Rhode Island; 52936; 836 532 506
222; Mrs. Troy Kihn; 1963-01-19; 51236; Colleneberg; Illinois; 41079; 530 837 301
223; Wilfred Casper; 1993-07-27; 671; Dickimouth; New York; 20419; 156 371 282
224; Ingeborg Lehner IV; 2002-11-23; 9323; New Demetrius; Louisiana; 66257; 323 778 034
225; Louis Bednar; 1980-11-27; 830; Boyleview; South Carolina; 83653; 345 246 540
226; Rocco Howell; 1982-05-13; 039; Lake Paula; Alabama; 24124; 645 175 952
227; Mrs. Hyun Rippin; 2004-06-08; 2780; Port Angel; Alaska; 97589; 823 714 012
228; Lee O'Conner; 1960-04-25; 469; Port Joel; Utah; 20940; 067 164 172
229; Mrs. Virgil Halvorson; 1997-08-19; 0520; East Valentinberg; Vermont; 89112; 123 480 511
230; Kathy Daniel; 1988-09-30; 2356; East Nicolville; Nevada; 35211; 961 244 695
231; Addie Kreiger; 2003-06-25; 5296; West Natasha; Kentucky; 12732; 148 239 350
232; Mr. Mathilde Connelly; 1988-12-15; 376; East Kenneth; Missouri; 53144; 008 369 857
233; Serena Hammes; 1981-09-26; 11604; Enochmouth; Missouri; 42100; 039 011 912
234; Carmen McDermott; 2001-01-28; 0806; Giovannihaven; Ohio; 94877; 300 895 691
235; Alleen Trantow; 1985-01-26; 9801; Halvorsontown; Virginia; 28454; 223 133 149
236; Dorsey Conn; 1978-03-02; 8754; New Glyniston; Wyoming; 39569; 281 703 700
237; Ozella Romaguera; 1989-08-03; 9252; Margaretbury; Virginia; 30124; 165 682 822
238; Garland Oberbrunner; 1969-06-05; 377; West Samfort; Alaska; 99704; 191 305 185
239; Yevette Schowalter; 1993-01-05; 057; East Coleman; New Mexico; 00421; 398 571 439
240; Davis Parker III; 1965-08-18; 056; West Jordan; Massachusetts; 05456; 784 559 344
241; Kymberly O'Connell; 1991-02-23; 6264; Cordelltown; Nebraska; 27717; 531 553 890
242; Chantel Murazik; 1983-09-06; 43704; West Rashadland; Wisconsin; 63475; 736 497 294
243; Darrick Larson; 2001-11-24; 595; East Rochelle; Rhode Island; 41554; 168 790 102
244; Antone Macejkovic; 2002-03-26; 444; East Anibalborough; Maryland; 89431; 100 821 825
245; Elyse Auer; 1999-10-15; 5956; Magalishire; California; 48675; 043 025 067
246; Eric Halvorson I; 1960-12-07; 76062; Johnniehaven; Pennsylvania; 51229; 016 013 820
247; Moises Quitzon; 1957-12-22; 4455; Prohaskaburgh; Maryland; 51599; 131 062 799
248; Jama Herman PhD; 1998-04-03; 792; Mitsueshire; North Dakota; 81064; 640 894 922
249; Miss Art Romaguera; 1980-06-29; 6693; Harlanside; Arizona; 24158; 362 606 860
250; Florentina Wolf; 1977-01-26; 7528; Littelberg; Oregon; 47627; 644 025 057
251; Brad Schaden; 2001-04-20; 855; Feeneyland; Illinois; 44232; 420 183 198
252; Mr. Karine Frami; 1970-05-20; 17141; Port Melaniport; Arizona; 67372; 026 085 074
253; Dr. Cassey Smitham; 2003-09-29; 22820; Keilabury; Massachusetts; 46872; 070 106 623
254; Alaina Dicki Jr.; 1976-11-05; 07918; East Raulton; Nevada; 37987; 816 157 713
255; Jed Grant; 1981-11-13; 63008; Casperchester; Arkansas; 55976; 249 557 235
256; Dudley Hessel Sr.; 2004-05-24; 6358; Fadelview; West Virginia; 58509; 517 836 072
257; Solomon Hagenes; 1987-09-08; 0903; New Douglasville; Maryland; 07399; 303 177 126
258; Osvaldo Feest V; 1979-11-02; 92648; Paucekport; New York; 13078; 832 279 979
259; Jackie Weber Jr.; 1983-09-06; 071; East Celinda; Mississippi; 52413; 878 746 510
260; Georgianna Pollich; 1994-12-02; 315; North Jaymie; Washington; 92761; 222 706 516
261; Florencio Hansen; 2003-08-28; 59316; Sporerview; Kentucky; 13506; 503 181 614
262; Norbert Howell; 1998-11-18; 49055; Barrettburgh; Kansas; 54907; 405 509 164
263; Humberto Abshire; 1988-07-04; 4685; West Cherie; Nebraska; 46302; 203 902 374
264; Mr. Portia Mraz; 1997-12-15; 206; Weimannville; New Jersey; 24166; 419 018 343
265; Grace Hayes; 1991-06-12; 539; Port Lesleyton; Iowa; 10895; 333 530 268
266; Loma Corkery; 1995-10-05; 4937; North Rosalva; Missouri; 25692; 672 633 282
267; Judith Thiel; 1963-12-20; 515; North Deanburgh; Virginia; 63927; 754 062 842
268; Chrissy Mayert; 1977-01-15; 754; Feilbury; Texas; 21867; 458 076 099
269; Lamonica Hettinger PhD; 1960-07-19; 1399; Lake Chifurt; Idaho; 04429; 250 704 557
270; Ezequiel Ondricka; 2003-08-20; 88656; West Dorindaberg; Washington; 07675; 392 316 029
271; Tamatha Fay; 1996-10-20; 8116; Schambergerside; Wyoming; 47050; 588 691 047
272; Levi Gusikowski; 1988-03-20; 60211; New Joesphshire; Minnesota; 42687; 055 483 719
273; Marcia Kutch; 1982-09-06; 9712; South Josephborough; Delaware; 15130; 499 422 222
274; Mr. Alana Kessler; 1999-07-30; 98670; Fisherport; Montana; 27803; 697 703 297
275; Miss Anthony Torphy; 1960-12-10; 719; Hyattmouth; Kansas; 49229; 135 827 761
276; Santiago Stanton; 1992-04-02; 175; Joannport; Missouri; 40073; 711 746 973
277; Monte Gislason; 1962-12-24; 14543; Wuckerthaven; Minnesota; 69418; 474 911 953
278; Lenny Fisher; 1957-10-25; 740; North Stephen; Louisiana; 97493; 480 001 800
279; Lucrecia Brekke; 2001-04-07; 27517; Port Thu; Oklahoma; 18150; 384 807 263
280; Kenia Spinka I; 1961-03-05; 6997; Barberafurt; Idaho; 85124; 701 683 900
281; Elwood Hegmann; 2002-03-11; 499; Ortizfurt; New Jersey; 98504; 511 183 981
282; Jason Beahan Sr.; 1964-09-25; 0419; South Eldoramouth; Texas; 50756; 305 757 050
283; Brook Goldner; 1969-06-12; 8647; Lake Randal; Mississippi; 86125; 648 085 299
284; Tom Metz MD; 2002-05-18; 08961; Marlineton; Hawaii; 74135; 533 871 152
285; Adolph Abshire; 1962-08-01; 967; Braunhaven; North Dakota; 13722; 813 176 292
286; Miss Saturnina Rodriguez; 1987-02-07; 38781; Karinefurt; Oklahoma; 30115; 501 140 893
287; Byron Schaden; 1999-12-03; 171; Schillerbury; Montana; 35215; 106 126 682
288; Avis Reynolds; 1968-06-23; 3497; New Garfieldfurt; California; 46511; 035 738 867
289; Shaunna Deckow; 1995-01-20; 8953; Schummbury; Arkansas; 16023; 414 916 446
290; Pattie Klein; 1971-10-21; 2738; East Terrelltown; Kentucky; 09491; 312 122 076
291; Mr. Trinidad Johns; 1965-07-28; 013; Jerdemouth; California; 64376; 331 803 061
292; Israel Robel; 1998-12-30; 118; Lake Collen; Montana; 34862; 715 483 797
293; Kasha Gottlieb; 1966-07-14; 489; Lake Ingeborgfort; Texas; 80223; 685 320 478
294; Francina Oberbrunner; 1967-07-19; 27410; Prosaccostad; Mississippi; 09313; 634 663 709
295; Sari Smitham; 1968-06-25; 39482; North Keithmouth; Nevada; 10941; 110 237 657
296; Maya Nader; 1995-07-08; 60501; Alisefort; Michigan; 41020; 789 346 423
297; Ms. Carlton Kunde; 1985-02-22; 399; New Leonilastad; Connecticut; 75982; 473 199 716
298; Randy Hahn; 1968-02-23; 9545; North Larisa; Montana; 39414; 608 068 863
299; Jared Hilpert; 1960-04-24; 727; Jeaneborough; Missouri; 48689; 221 807 486
300; Gia Morissette; 1975-09-03; 52667; Funkburgh; New York; 49036; 709 506 194
301; William Grant; 1979-10-22; 0511; East Eugenio; Illinois; 13097; 928 274 868
302; Ms. Madelyn Bins; 1993-11-21; 0689; Lake Lonnieton; Arkansas; 67625; 958 706 459
303; Dani Kirlin; 1989-04-29; 2235; Bonnieville; Minnesota; 41340; 245 779 943
304; Makeda Schimmel; 1967-12-06; 4804; Swaniawskiside; Arkansas; 04159; 514 056 097
305; Clark Hammes; 1986-10-27; 8837; Caylahaven; Pennsylvania; 26513; 155 892 044
306; Leroy Hodkiewicz; 2002-03-26; 32563; Shelbyberg; Oklahoma; 53862; 023 158 130
307; Dorothy Brakus PhD; 1990-04-16; 20574; Guschester; Texas; 65692; 967 946 817
308; Scottie Denesik; 1966-04-07; 24180; Eliasmouth; Wisconsin; 27053; 383 346 044
309; Robert Casper; 1987-04-17; 71878; Port Yong; Florida; 72156; 058 984 034
310; Oswaldo Kemmer; 1977-01-04; 597; Port Russelton; Ohio; 49366; 141 064 094
311; Burton Hansen; 1999-06-24; 23222; West Edenchester; New Mexico; 59093; 244 342 114
312; Mitzie VonRueden; 1958-05-31; 3561; Gerlachfort; Nevada; 44501; 777 568 016
313; Anette Osinski; 1970-10-09; 4876; Elliotfurt; Virginia; 49127; 855 982 135
314; Kortney Larkin; 1970-10-13; 4670; South Rosinashire; Rhode Island; 94896; 777 210 888
315; Dewitt D'Amore; 1988-05-25; 08171; Lenniemouth; New York; 11643; 542 294 272
316; Laveta Stiedemann MD; 1959-11-17; 96483; Sanfordland; Florida; 27029; 506 422 208
317; Tommie Langworth; 1987-08-19; 844; Marlonport; Kansas; 41224; 751 237 740
318; Ricky Connelly PhD; 1968-10-26; 4041; O'Haraport; Delaware; 88684; 897 647 186
319; Miss Mamie Schultz; 1961-05-22; 79861; Champlinville; Indiana; 47698; 040 318 692
320; Elliot Bailey; 1995-11-22; 49209; Richieport; Maryland; 10510; 187 716 912
321; Marybelle Dickens; 1984-10-02; 8749; Harveytown; Connecticut; 33862; 410 083 057
322; Tomas Jenkins; 1995-04-05; 252; West Zacharymouth; New Jersey; 03438; 993 249 748
323; Jarrett Kertzmann; 1960-02-03; 755; Blockland; Connecticut; 54293; 846 237 533
324; Kelli Bechtelar; 1972-09-24; 0690; Keelingbury; Colorado; 22260; 285 578 600
325; Johnathan Haley; 2004-04-17; 421; Joseville; Rhode Island; 19667; 087 613 963
326; Mr. Lyndsey McDermott; 1976-07-14; 9553; Schillermouth; New Hampshire; 54114; 520 880 411
327; Monte Fritsch; 1984-07-29; 4536; Framibury; Massachusetts; 42916; 092 256 327
328; Ligia Ortiz; 1996-07-20; 17915; Cleliaberg; Nebraska; 65807; 318 171 340
329; Lizzette Littel; 1985-11-11; 783; Towneburgh; Louisiana; 55447; 084 125 518
330; Asa Mann; 1980-09-08; 46542; Johnstontown; Massachusetts; 84668; 648 692 457
331; Rosita Stiedemann; 1977-07-27; 706; Reinaldoport; Idaho; 11795; 402 832 066
332; Ora Shanahan; 1995-09-06; 8236; Lake Whitneyfort; West Virginia; 19610; 111 117 767
333; Tyson Mohr III; 1988-10-17; 8222; Lake Romaineborough; North Carolina; 86456; 772 475 557
334; Tommye Hudson; 1977-03-21; 6073; Port Enriqueta; South Dakota; 63810; 524 531 368
335; Emelia Koepp DDS; 1959-06-19; 8123; Port Bret; Utah; 21187; 477 714 295
336; Michel Kiehn; 1982-11-10; 673; Port Porfiriotown; Oregon; 78654; 258 209 678
337; Azalee Kunde; 2004-09-09; 0451; East Cristopher; Delaware; 28299; 105 148 711
338; Jae Oberbrunner; 1965-10-20; 18349; Daisychester; Kentucky; 46014; 853 432 385
339; Adaline Schiller; 2001-10-22; 46374; Parkerview; New Mexico; 94982; 421 148 985
340; Alan Beatty; 1970-07-06; 019; Port Pearlineburgh; Massachusetts; 96221; 360 782 539
341; Mrs. Mason Rempel; 1989-10-30; 39651; Mamieborough; New York; 93694; 536 637 929
342; Ernest Lakin; 1959-10-24; 467; Port Thomasbury; California; 23939; 782 475 127
343; Vanita Lueilwitz; 1972-05-03; 7833; Lake Georgietown; Nevada; 15620; 456 023 993
344; Samual Larson; 2001-01-26; 83089; Lake Arthurfurt; Washington; 18953; 700 149 391
345; Todd Hills DVM; 1958-06-24; 0056; North Lenard; Mississippi; 14638; 450 947 359
346; Dominick Gorczany; 1972-01-24; 4755; Cristytown; Indiana; 00724; 237 127 336
347; Doreen Feeney DVM; 1964-07-31; 82594; Koryshire; Arkansas; 82792; 991 073 010
348; Wendell Harris; 2004-05-21; 0290; Laurenstad; Montana; 78981; 621 128 152
349; Antonetta Osinski; 1971-09-09; 1163; Kochstad; Wyoming; 81288; 156 440 335
350; Ozella Collins; 1991-03-06; 11681; Mannberg; Idaho; 65842; 308 458 351
351; Tamica Rohan MD; 1999-08-23; 4621; South Kris; Nevada; 99099; 775 054 560
352; Ms. Boyce Rolfson; 1965-07-06; 2167; Strackeburgh; Michigan; 39205; 776 406 681
353; Ricky Hills; 1968-04-01; 93383; Vitastad; Iowa; 77940; 100 890 372
354; Joseph Reynolds DDS; 2004-07-04; 3737; Corkerybury; South Carolina; 30385; 680 905 938
355; Shelby Koepp IV; 1963-03-17; 6809; New Catheryn; Pennsylvania; 76752; 065 083 519
356; Stacey Satterfield II; 1985-02-10; 523; North Oralia; Texas; 48668; 629 976 220
357; Kyle Herman; 1997-08-27; 84131; West Gino; Nebraska; 41439; 801 889 287
358; Ms. Jennette Hoeger; 1981-03-22; 87005; South Nedfurt; Ohio; 21491; 194 901 911
359; Emmett Kris; 1970-05-18; 595; Port Carol; Massachusetts; 46781; 072 137 587
360; Mr. Barbie Lindgren; 1996-03-21; 65883; Rauborough; Tennessee; 23306; 888 084 738
361; Miss Sari Botsford; 1960-04-19; 188; Georgiannebury; Missouri; 47160; 604 901 646
362; Sidney Dietrich; 1999-06-05; 6419; South Krista; Wisconsin; 82385; 137 551 965
363; Joey Weimann; 1968-05-14; 857; Lake Octavio; Arkansas; 41362; 497 909 758
364; Mrs. Marc Haag; 1989-12-21; 6183; Lake Colin; Arizona; 82849; 160 152 494
365; Hallie Parisian; 1987-03-29; 60361; North Manie; Vermont; 00688; 506 435 093
366; Moira Rogahn; 1979-07-12; 1865; South Meridithfort; Iowa; 44309; 691 240 657
367; Mr. Williams Oberbrunner; 1996-08-13; 47276; Chaunceytown; New Jersey; 61163; 278 190 605
368; Jaime Gutmann; 1973-05-17; 1579; Lake Zoramouth; North Carolina; 85460; 017 640 867
369; Cleo Heaney PhD; 1971-11-04; 479; New Mark; Louisiana; 23555; 654 869 937
370; Ali Medhurst III; 1995-09-16; 09909; Jarrettbury; Maine; 27811; 361 693 610
371; Ms. Yun Pollich; 1973-06-21; 015; Lake Bernardashire; Connecticut; 85076; 551 367 773
372; Miss Ferdinand Harvey; 1985-01-23; 674; Pearleneport; South Carolina; 83731; 151 520 708
373; Sophie Kiehn; 1959-06-28; 4063; North Christene; Kansas; 79037; 773 890 330
374; Alfred Purdy; 1972-02-03; 0114; Boyershire; Oregon; 81163; 146 730 245
375; Harlan Hartmann; 1982-10-27; 28521; Port Moon; Louisiana; 77641; 402 126 357
376; Shelby Kirlin; 1982-03-25; 56257; Lockmantown; Rhode Island; 07774; 247 742 818
377; Buck Schoen; 1960-07-01; 2887; Larkintown; Nevada; 69224; 385 530 161
378; Mr. Beatrice Daugherty; 1987-10-16; 04147; East Danyel; Wyoming; 52724; 524 832 708
379; Keren Heller; 1959-05-18; 948; Youlandaside; Vermont; 86817; 746 160 892
380; Wm Sawayn; 1974-09-03; 64252; Schmelerchester; Indiana; 82025; 083 793 372
381; Henry Rolfson; 1968-07-06; 95749; Yvonnechester; Tennessee; 51680; 232 176 593
382; Shannon Erdman; 1968-07-29; 70495; Lake Antioneview; Arizona; 86223; 127 473 692
383; Renee Aufderhar; 1958-01-08; 81594; East Nick; Rhode Island; 89879; 207 973 036
384; Chasidy Bechtelar V; 1970-08-30; 80982; Cristside; North Dakota; 77506; 944 863 235
385; Agatha Rempel; 1971-12-21; 0144; Port Nabury; Minnesota; 11654; 987 510 661
386; Cordie West PhD; 1972-03-01; 9108; Monroeview; Hawaii; 33428; 024 915 853
387; Oscar Mills; 1959-05-09; 8013; West Truman; Texas; 64420; 192 074 050
388; Yukiko Hauck; 1957-11-07; 453; Lake Santohaven; Virginia; 25534; 191 808 233
389; Rocco Boyle; 1967-11-09; 1425; Brekkefort; Virginia; 17870; 684 931 026
390; Johnie Schuster DVM; 1983-06-09; 70824; Roobburgh; Vermont; 52966; 949 049 385
391; Dr. Rolland Cremin; 1976-06-25; 6909; Bartolettiview; Minnesota; 60129; 592 203 160
392; Tyra Cole; 1965-02-02; 244; Quinntown; Arizona; 16343; 936 098 466
393; Dorla Ratke; 1972-09-27; 95205; Ernserville; West Virginia; 66959; 451 567 766
394; Ms. Jacqualine Ankunding; 1993-01-21; 821; Weberborough; Michigan; 47409; 530 727 127
395; Tony Crona; 2001-12-11; 25334; East Lashandra; Arizona; 64352; 166 127 976
396; Tuan Bashirian; 1962-07-21; 0095; Eldenmouth; Rhode Island; 49796; 456 036 869
397; Titus Little; 1967-10-07; 3603; Lonville; Delaware; 62193; 390 132 175
398; Miss Mackenzie Rempel; 1962-07-26; 467; North Kirk; Florida; 03140; 361 698 135
399; Ms. Lynna Metz; 1970-10-30; 94012; Lake Eugeneview; Wyoming; 29487; 476 960 724
400; Phyliss Dooley DVM; 1960-12-24; 82732; Lake Delorashaven; New York; 70222; 177 904 063
401; Mike Lind; 1958-05-01; 636; Ernesttown; Wisconsin; 91647; 774 010 752
402; Jacalyn Prosacco; 1994-07-22; 15799; East Wendiland; New Hampshire; 97359; 822 599 595
403; Curtis Murazik; 1987-04-23; 8835; North Cameron; New Hampshire; 87246; 733 646 562
404; Joleen Wunsch; 1966-09-23; 23741; Antonioshire; Maine; 40888; 554 525 587
405; Billy Rosenbaum; 1963-05-26; 309; New Maybell; Texas; 69173; 689 691 188
406; Shelton Kilback III; 2002-09-08; 841; Schummmouth; Virginia; 35989; 091 548 556
407; Shelby Ward Jr.; 1961-12-02; 12551; North Linsey; Missouri; 73711; 821 323 248
408; Dr. Quinton Bogan; 1962-12-08; 796; New Denverside; Rhode Island; 72724; 767 643 519
409; Mrs. Benita Morar; 2003-11-08; 904; East Fosterview; Alabama; 75619; 383 978 566
410; Rickie Christiansen; 1986-03-02; 05404; Kirlinborough; Nevada; 89019; 299 289 338
411; Lila Pagac; 1967-08-06; 0986; Corneliusville; Rhode Island; 02852; 249 486 885
412; Nathan O'Reilly; 1995-10-23; 47751; Champlinbury; Wyoming; 36765; 714 622 481
413; Stacey Collins; 1986-10-13; 3828; Laurenbury; Washington; 41628; 403 233 963
414; Kiara Bradtke; 1996-01-03; 475; Izolaside; Mississippi; 27826; 942 714 261
415; Kathern Huel; 1984-05-30; 26614; Satterfieldland; New Hampshire; 13297; 930 724 261
416; Ollie Marquardt; 1966-09-25; 061; East Rodney; Virginia; 49494; 949 092 142
417; Mr. Mallory Hartmann; 1962-06-28; 9433; Bernadinebury; Wyoming; 07974; 231 463 066
418; Adelina Dickens; 2003-11-24; 835; West Randalchester; Arizona; 70209; 728 527 873
419; Vennie Botsford II; 1965-03-17; 8260; South Maragretmouth; New Mexico; 52184; 376 680 466
420; Robert Ondricka; 1967-09-02; 5307; Cassinside; Oregon; 14103; 051 212 691
421; Tod Senger; 1998-01-01; 05876; North Savannatown; South Dakota; 62421; 961 185 702
422; Dr. Justin Mann; 1988-12-19; 00676; Lake Haiburgh; Kansas; 78891; 494 770 441
423; Garland Hauck; 2000-11-20; 898; North Brooks; Wyoming; 13669; 323 845 775
424; Janene Schinner; 1987-08-07; 21611; North Ileneport; Maryland; 09678; 825 403 065
425; David Konopelski; 1993-10-15; 295; Evonnestad; South Carolina; 89906; 028 171 661
426; Mac Mitchell; 1978-02-28; 62007; South Miguelburgh; Idaho; 57552; 764 353 878
427; Ms. Cortez Friesen; 1991-03-27; 7266; Lyndonland; Washington; 86533; 441 762 306
428; Jere McLaughlin; 1958-05-24; 34799; New Grettaberg; Arizona; 12096; 786 176 019
429; Marshall Bogan; 2004-07-27; 56500; Torpmouth; Indiana; 22014; 360 248 112
430; Keila Keebler; 2001-04-27; 4339; Glennafurt; Maryland; 13032; 617 784 409
431; Ruben Pfannerstill; 1983-11-08; 743; Johntown; South Dakota; 75503; 513 251 864
432; Nathan Hilpert; 1998-04-28; 72957; Satterfieldbury; New Jersey; 95622; 726 193 510
433; Herta Mueller; 1971-06-14; 304; Lake Altha; North Dakota; 85682; 129 235 336
434; Bettie Barrows; 1965-02-20; 467; Lanceland; Utah; 19737; 727 372 554
435; Stella Zulauf DDS; 1984-12-28; 76057; West Sandie; California; 09184; 251 933 680
436; Antonette Runte; 1982-12-16; 296; East Jeremy; Montana; 57244; 126 175 876
437; Mrs. Cameron Trantow; 1989-08-24; 663; West Scot; Tennessee; 26673; 740 441 509
438; Steve Mueller; 1967-02-22; 1226; North Bobbiehaven; Rhode Island; 21673; 711 048 929
439; Dr. Lan Stiedemann; 1994-04-25; 76887; Kuvalisburgh; South Dakota; 37500; 632 842 183
440; Lonnie Ernser; 1975-10-01; 6594; Lake Laurenstad; Utah; 91444; 020 510 872
441; Mohammad McGlynn; 1978-12-09; 437; West Archie; North Dakota; 97855; 053 356 988
442; Walton White; 1959-09-01; 70532; Schummmouth; New Mexico; 27411; 742 818 615
443; Jordan Kiehn MD; 1969-05-21; 61053; Lake Asa; Arizona; 39871; 441 207 632
444; Bev Sanford; 1979-05-16; 1375; East Wilburn; Nevada; 59227; 665 412 913
445; Katharine Gaylord; 2001-05-22; 1806; New Mike; South Carolina; 07980; 974 361 340
446; Dorian Ullrich; 1994-08-22; 2651; New Syreetaton; North Carolina; 93020; 993 516 934
447; Thuy Connelly; 2003-12-03; 5451; North Eleanorstad; Wisconsin; 49392; 235 656 134
448; Hwa Erdman IV; 1969-10-26; 865; Grahamfort; Florida; 17056; 294 428 195
449; Darnell Hauck; 1965-12-05; 710; North Vadaville; Florida; 92559; 310 110 773
450; Melony Huels PhD; 1986-04-08; 93371; Juniorton; Florida; 23760; 918 991 963
451; Marisol Kuvalis V; 1987-10-30; 814; Grahamside; Arizona; 12274; 126 389 292
452; Lucilla Huels; 1982-11-01; 02456; Jacquelyneshire; South Dakota; 50390; 296 422 566
453; Mrs. Veronica Grady; 1994-01-02; 1697; Port Fredricktown; West Virginia; 20171; 671 234 019
454; Shelly Pfeffer; 1966-01-06; 1129; Adriannaport; Arkansas; 51050; 693 714 717
455; Gaylord O'Conner; 1967-08-28; 0063; Terryburgh; Colorado; 38241; 139 988 089
456; Florence Reinger V; 1995-11-28; 946; Myriamtown; Missouri; 60931; 008 433 730
457; Jerrell Dare Jr.; 1967-12-22; 721; Lake Elwanda; Iowa; 00313; 649 447 431
458; Ms. Dallas Gorczany; 1968-08-14; 337; East Bonnie; Arizona; 16074; 345 969 777
459; Francesco Rath Sr.; 1962-01-04; 2415; West Marcelina; Nevada; 15514; 525 941 290
460; Scott Romaguera; 1997-11-27; 408; North Doreen; Michigan; 45511; 086 543 228
461; Chung Pagac; 1969-05-10; 7058; Dareview; California; 12268; 198 338 148
462; Mr. Hyman Labadie; 2000-11-04; 8164; Lehnerborough; Tennessee; 09185; 316 077 862
463; Ervin McKenzie; 1963-06-10; 352; North Fredericka; Delaware; 68257; 765 561 239
464; Chang Stehr; 1963-08-02; 1336; East Tieraland; North Carolina; 80782; 585 613 936
465; Delfina VonRueden; 1968-10-26; 375; DuBuquehaven; Illinois; 06625; 229 325 639
466; Gaylord Ratke IV; 1998-11-12; 6323; Port Senaida; Rhode Island; 07023; 085 773 143
467; Elvin Lesch; 1961-11-27; 26339; Tobiaschester; West Virginia; 08472; 891 621 341
468; Brad Doyle; 1967-01-25; 9854; Lake Lane; Tennessee; 16120; 305 471 789
469; Maricela Zieme; 1971-09-28; 56603; Douglasville; Utah; 27123; 163 545 973
470; Domenic Zieme; 1976-11-16; 839; Fritschview; Oregon; 56442; 490 866 534
471; Nanette Johnston; 1988-04-25; 7575; Langworthberg; Wisconsin; 53214; 020 087 261
472; Britany Turcotte; 1986-06-07; 8761; Port Kermitstad; Ohio; 19415; 101 428 806
473; Mr. Abe Cole; 2002-06-24; 2154; West Lavetashire; South Carolina; 87967; 565 965 192
474; Meghan Runolfsdottir; 1963-10-11; 23331; Bradtkeland; South Dakota; 33397; 440 352 291
475; Alonso Nikolaus; 1988-03-06; 332; Felicebury; Minnesota; 61116; 001 924 505
476; Latashia Murray V; 1995-07-20; 28371; Grantstad; Oregon; 58315; 447 942 148
477; Annika Brekke; 1972-12-25; 78210; Lake Lavina; Indiana; 82725; 282 124 701
478; Felix Bernhard; 1971-11-12; 044; Irmgardfurt; Pennsylvania; 22188; 741 037 583
479; Wally Wisoky; 1984-02-20; 063; West Cecil; North Carolina; 02954; 339 492 790
480; Percy Kutch; 2004-08-22; 371; Blocktown; Florida; 98493; 724 689 943
481; Margart MacGyver; 1991-12-12; 91041; Watsicaland; Kentucky; 21117; 352 168 058
482; Emilio Wuckert; 1971-01-06; 47228; South Arlethatown; Nebraska; 18745; 087 036 757
483; Jamel Cummerata; 1998-07-14; 5669; Lake Talia; Kentucky; 66609; 360 574 062
484; Johnathan Lubowitz; 1972-04-24; 2647; Jesseshire; Utah; 33996; 906 924 585
485; Ms. Ivey Pacocha; 2000-02-19; 978; Port Georgia; South Carolina; 06802; 370 783 452
486; Ms. Celestina Mayert; 1960-10-17; 99089; Keeblerburgh; Montana; 07919; 912 792 059
487; Connie Sawayn Jr.; 2002-04-25; 2549; Xiomaraburgh; Oregon; 72175; 618 860 658
488; Ms. Devin Armstrong; 1981-12-31; 69266; East Rene; Connecticut; 87920; 579 449 332
489; Sharon Jacobs; 1968-01-20; 4888; New Derickstad; South Dakota; 01271; 212 483 828
490; Michelle Nitzsche; 1996-11-27; 62119; Lake Eugenio; Texas; 52177; 184 490 803
491; Damion Ratke; 1969-08-29; 6791; Elizabethburgh; West Virginia; 37744; 478 018 513
492; Jamison Windler MD; 2003-08-21; 33531; Lake Ward; Washington; 63107; 676 564 718
493; Ms. Maranda Casper; 1967-01-15; 01424; Schneiderchester; Nevada; 74928; 159 115 094
494; Mireya Gleason; 1963-04-23; 68503; Jakubowskifort; Pennsylvania; 33736; 058 641 526
495; Danuta Reinger; 1989-06-28; 15363; East Franciscofort; Kentucky; 05487; 482 455 084
496; Macie Schulist; 2002-05-21; 454; Edraport; Hawaii; 02204; 070 949 884
497; Emmett Lang; 1974-02-09; 0238; Lake Tonita; Wisconsin; 41507; 621 773 299
498; Maurita Marquardt IV; 1959-04-10; 3686; New Patrina; Virginia; 53250; 429 106 475
499; Sanford Stanton; 1977-05-24; 931; New Jarredmouth; New Hampshire; 89932; 022 677 578
500; Casey O'Connell V; 1963-09-09; 230; Durganfort; North Dakota; 68100; 816 536 501
501; Kraig Roob; 1973-07-07; 7145; West Ellis; New York; 16865; 432 193 900
502; Keneth Simonis III; 1973-06-08; 178; Port Priscilaport; Hawaii; 63136; 726 600 629
503; Geraldine Davis; 1990-02-07; 799; North Deanville; Michigan; 27830; 174 679 623
504; Kaleigh Kertzmann; 1973-04-29; 282; Port Sean; Alaska; 94556; 687 192 573
505; Jesus Osinski IV; 1983-03-09; 5335; Port Joseborough; New Mexico; 17605; 305 446 987
506; Buddy Johnston; 2003-02-16; 9125; Wisokyburgh; Alaska; 85234; 543 828 018
507; Kyung Hermann; 1966-03-08; 3819; Considinestad; Alaska; 92502; 146 252 668
508; Kristan Durgan; 2001-12-19; 53977; North Yong; Massachusetts; 51830; 451 810 412
509; Miss Burt Gerhold; 2002-03-11; 03219; Madalynmouth; Washington; 65299; 692 340 975
510; Broderick Prohaska; 1983-06-30; 1632; Quintinmouth; North Carolina; 77452; 682 473 050
511; Garfield Wilderman Jr.; 2000-12-27; 9156; Loriannfurt; Michigan; 49900; 699 551 483
512; Maurita Fahey; 1970-09-13; 27122; Hesselhaven; Idaho; 65237; 502 515 685
513; Wilbur Kertzmann; 1990-12-04; 7179; Kristelview; Connecticut; 52086; 826 856 406
514; Ellsworth McClure; 1984-07-09; 601; Aleenstad; Washington; 16745; 785 367 148
515; Oswaldo Daugherty; 1977-09-15; 541; New Shayne; New Mexico; 93244; 181 450 310
516; Louie Kshlerin DDS; 1964-04-03; 29943; Abbottmouth; Maine; 05061; 891 601 499
517; Shiloh Braun; 1972-03-24; 641; North Fran; New Jersey; 00501; 648 508 515
518; Carlo Wilderman; 2000-02-12; 70442; South Bernardo; Mississippi; 03300; 467 617 614
519; Susanna Paucek; 1966-06-24; 74928; Velvetbury; Wisconsin; 25644; 083 679 082
520; Joycelyn Carter II; 1977-11-05; 5507; Port Rubin; California; 40758; 397 826 132
521; Wilhemina Gusikowski; 1979-02-20; 06914; Adalineland; Kentucky; 63433; 537 005 392
522; Yahaira Wolf; 1963-03-13; 9685; South Lakenya; Alaska; 08453; 616 000 059
523; Apryl Mills; 2002-04-14; 999; North Chaya; Nebraska; 49717; 950 027 025
524; Sidney Witting II; 1998-12-03; 81899; Donnellyberg; North Dakota; 89750; 613 804 283
525; Rozanne Moen; 1961-03-13; 60086; Grahambury; Kansas; 06994; 946 602 281
526; Kieth Tremblay; 1962-10-30; 588; Rodriguezburgh; West Virginia; 51446; 272 374 070
527; Diedra O'Reilly; 1985-09-25; 5780; Port Lessiechester; South Dakota; 55844; 580 370 153
528; Forest Champlin; 2003-01-20; 8940; Schillerview; Georgia; 63665; 776 324 908
529; Wallace Sauer; 1965-06-24; 96048; North Octavio; Delaware; 92709; 204 737 467
530; Joaquin Tillman; 1969-10-28; 07304; Lake Granville; Louisiana; 01856; 890 164 386
531; Eleonor Rogahn Jr.; 1994-02-07; 806; North Dorseyland; Illinois; 71180; 829 899 123
532; Dr. Georgeanna Padberg; 1978-12-29; 924; Jeanicehaven; Indiana; 61077; 304 394 372
533; Miss Lucius Schmitt; 2000-05-15; 584; Hugoberg; Kansas; 54452; 643 670 026
534; Gustavo Graham; 1971-11-13; 01180; Purdyton; Massachusetts; 31375; 417 452 434
535; Deidre Sporer; 1998-02-28; 417; Dellaville; Maryland; 21961; 586 115 565
536; Pamala Hoeger; 1964-03-05; 738; Mohammadbury; New Mexico; 23984; 757 816 194
537; Dwight Bernier; 1980-06-01; 371; Port Alex; Idaho; 91244; 762 282 949
538; Trinidad Bashirian; 1999-09-06; 3026; Hacketttown; North Dakota; 92761; 089 813 766
539; Judie Powlowski; 1987-03-04; 40998; North Stephenie; Kentucky; 49388; 372 706 343
540; Howard Moen; 1978-10-18; 422; East Malissa; West Virginia; 85140; 038 430 597
541; Mrs. Corie Larson; 1994-03-04; 30483; North Maria; Wisconsin; 60261; 481 428 948
542; Karren McLaughlin; 1960-10-01; 036; Mirellahaven; Nebraska; 34140; 747 143 980
543; Monroe Conn; 2004-04-05; 42792; Westview; California; 08244; 241 874 620
544; Jerome Lowe; 1963-12-10; 0926; Port Lenard; Illinois; 86665; 472 808 936
545; Gaynell Kemmer; 2004-02-15; 830; East Wyatt; South Dakota; 07603; 161 980 955
546; Derick Homenick; 1983-04-29; 21939; South Robbytown; North Dakota; 21847; 104 517 922
547; Florentino Crona; 2000-12-28; 5350; Port Clarita; Arkansas; 33845; 054 816 287
548; Verena Larson; 1996-12-09; 37273; Terryview; Idaho; 95264; 736 332 268
549; Oleta Hudson; 1982-08-04; 876; Treutelstad; Utah; 54069; 414 617 961
550; Erik Ferry; 1981-05-25; 27308; Kimberleeberg; Oregon; 55329; 112 322 660
551; Heath Williamson I; 1966-05-14; 618; Bednartown; Alaska; 81854; 289 203 796
552; Oneida Considine; 1995-12-06; 188; Port Henry; Utah; 83270; 425 398 868
553; Larry Yost; 1974-07-15; 932; Ollieborough; Alabama; 25388; 719 072 334
554; Billy Hyatt; 1987-09-07; 0262; Port Sharie; Nebraska; 15601; 848 792 840
555; Timothy Sanford; 1992-12-11; 2868; Langworthhaven; Hawaii; 17362; 283 380 850
556; Elly Heaney; 1987-07-21; 8104; South Jamalhaven; North Carolina; 56429; 362 503 570
557; Phillip Balistreri; 1980-10-16; 28367; West Filiberto; South Dakota; 82403; 391 804 503
558; Conrad Becker; 1997-09-06; 633; Beerfurt; Texas; 75531; 928 983 517
559; Charles Breitenberg; 1982-03-03; 98779; Freidahaven; Oklahoma; 30988; 195 377 443
560; Mr. Lavelle Bogisich; 1966-12-05; 807; Isiahfurt; Washington; 59531; 642 239 331
561; Emelia Watsica; 1971-04-03; 925; VonRuedenport; West Virginia; 64303; 839 140 019
562; Elliott Legros; 1962-01-30; 86200; Altenwerthview; Florida; 19738; 895 719 466
563; Tameika Frami; 1974-10-11; 04067; Tyroneville; Alaska; 20556; 111 765 309
564; Tyler Wolff; 1996-02-19; 7571; Port Allinefurt; Ohio; 55027; 527 320 855
565; Garfield Brakus; 1995-11-28; 46745; Scottville; Idaho; 31420; 997 164 172
566; Casandra Stokes; 1997-10-13; 27599; North Iveyside; New Hampshire; 72277; 986 605 153
567; Moises Kris IV; 1962-12-24; 181; Tonyhaven; Illinois; 05158; 716 534 787
568; Denisha Halvorson; 1994-01-03; 6450; East Madaleneville; Nevada; 75960; 201 459 790
569; Louella King; 1979-03-24; 44127; Marvinstad; Oklahoma; 94978; 677 662 803
570; Roberto Schultz; 1967-05-15; 09508; East Frank; Pennsylvania; 06703; 433 677 944
571; Filiberto Lakin V; 1994-08-04; 43029; Ernestland; Massachusetts; 72828; 397 121 384
572; Jesusita Gottlieb; 2002-11-22; 0524; Port Felixbury; Nebraska; 91884; 528 139 611
573; Rhona Waelchi; 1966-11-07; 0679; Ferdinandburgh; North Dakota; 43228; 043 532 926
574; Morgan Kunze MD; 1981-11-24; 2554; West Rhettburgh; Virginia; 05750; 050 097 572
575; Janay King; 1985-07-02; 94873; South Isadora; Massachusetts; 00315; 838 097 111
576; Tangela Osinski; 1971-01-12; 49920; Hettingerside; New Jersey; 81139; 290 375 187
577; Jaquelyn Bernhard; 1972-11-01; 291; Feeneyview; Mississippi; 14615; 952 736 785
578; Maple Baumbach MD; 1975-06-06; 9170; Port Elwood; Maryland; 92163; 637 844 429
579; Freddie Watsica; 2004-01-01; 026; Lake Floretta; Illinois; 19947; 548 971 808
580; Valeri Hand; 1966-07-06; 5624; Millerberg; Georgia; 38868; 283 809 827
581; Galen Dickinson; 1982-06-23; 931; Carterberg; Utah; 15682; 698 895 115
582; Lashanda Funk; 2001-03-23; 2166; Connellytown; Wyoming; 69012; 028 476 616
583; Dr. Dino McClure; 1981-09-20; 14628; Timothymouth; Missouri; 50955; 444 806 697
584; Salvador Prohaska; 1963-01-26; 102; West Hayleyborough; New Mexico; 15773; 075 360 630
585; Ocie Haley; 1966-11-14; 2049; Maisiefort; New Hampshire; 63170; 891 552 438
586; Petronila Kreiger; 1969-08-28; 11453; Lake Elenastad; Ohio; 52844; 520 484 492
587; Patience Greenholt PhD; 1993-05-02; 5779; Homerbury; South Carolina; 45506; 411 460 697
588; Tina Jenkins PhD; 1997-11-25; 087; Arnettehaven; California; 72042; 422 428 607
589; Colton Morar; 1981-04-04; 95446; North Ivorytown; Oklahoma; 61530; 634 412 958
590; Peter Maggio; 1975-03-27; 301; Reaganchester; Virginia; 15091; 903 619 968
591; Max Doyle; 1959-09-09; 1452; Sybilchester; Alaska; 21121; 336 145 022
592; Silva O'Connell; 1983-02-04; 167; East Giovannaberg; Maryland; 95030; 650 448 684
593; Lynwood Lubowitz; 1991-12-01; 7609; Lake Alethiachester; Illinois; 27770; 623 136 204
594; Stepanie Hammes; 1991-12-23; 19086; East Ian; New York; 56699; 375 785 902
595; Rosaura Hessel Sr.; 1971-03-03; 727; West Pa; Massachusetts; 72255; 183 982 803
596; Cary Breitenberg II; 1961-05-18; 71726; South Zofia; Utah; 83373; 078 578 583
597; Valeria Rau DVM; 1969-02-24; 2563; Reubenland; Nevada; 82670; 119 572 903
598; Stanley Hoeger; 1960-07-07; 513; North Ken; Oklahoma; 59302; 937 536 392
599; Brooks Mills; 1980-11-29; 9330; Bergefurt; Ohio; 15941; 525 132 718
600; Mr. Bobbie Pollich; 1958-09-30; 7039; Lake Bernard; Virginia; 25426; 905 287 288
601; Blake Ward I; 1966-02-15; 41823; New Nelsonhaven; Massachusetts; 61698; 954 941 980
602; Abram Strosin; 1964-01-08; 99913; Schaeferfurt; Colorado; 34030; 413 816 945
603; Helaine Considine; 1998-08-27; 1220; Pagacview; Maryland; 70297; 382 687 368
604; Giovanna Bartell DVM; 1970-06-02; 253; South Danyelborough; Mississippi; 40799; 216 875 175
605; Theda Howe DDS; 1966-11-23; 44272; Purdystad; Pennsylvania; 54198; 456 640 219
606; Colene Hauck; 1965-12-13; 9640; South Richellemouth; Oregon; 01521; 411 041 418
607; Mrs. Maple Kris; 1978-03-05; 2079; South Alvin; Texas; 39586; 660 513 148
608; Doyle Windler; 1985-10-09; 756; Mohammadhaven; Indiana; 59860; 480 889 127
609; Malika Keebler; 1994-07-31; 702; West Olliefort; Utah; 81918; 990 313 063
610; Colby Lubowitz; 1965-04-02; 6345; East Ellsworth; Indiana; 24560; 045 910 125
611; Joline Funk; 1968-05-29; 49976; Port Leroytown; Mississippi; 53773; 118 040 382
612; Lanny Brown; 1971-09-22; 06661; Lake Rafael; California; 10661; 146 450 108
613; Glennie Swaniawski; 1983-06-28; 925; South Genaro; Texas; 48054; 703 143 300
614; Mrs. Sherilyn Moen; 1972-11-24; 1969; New Wilhemina; South Dakota; 31109; 945 875 276
615; Malka Kub; 1983-12-14; 26190; South Rustystad; Colorado; 28536; 646 807 635
616; Gavin Grant; 1990-04-10; 7798; North Jerrod; Wisconsin; 44507; 397 055 312
617; Danyelle Gusikowski PhD; 2002-11-27; 46367; South Mindiview; Maine; 26105; 467 822 426
618; Ms. Faviola Considine; 1960-07-18; 4552; Lake Alicechester; South Carolina; 23241; 125 459 108
619; Mellie McCullough; 1962-04-27; 06542; Dwanaville; Minnesota; 27979; 850 638 337
620; Tamie Greenfelder; 1977-01-20; 4036; Jenkinsmouth; Missouri; 64609; 835 210 907
621; Miss Florence Bahringer; 1999-02-19; 4727; North Oswaldoport; Texas; 97228; 598 508 572
622; Emilee Turner; 1963-09-16; 215; Hodkiewiczmouth; Missouri; 30991; 300 617 276
623; Fredrick Little; 1960-11-01; 639; Stiedemanntown; Oregon; 11767; 880 896 271
624; Carole Reynolds; 1993-02-14; 84512; North Gusborough; Montana; 21598; 001 752 831
625; Antonia Hermiston; 1990-05-29; 2126; Port Aldoshire; West Virginia; 40513; 093 403 990
626; Pinkie Marvin; 1995-11-01; 3387; Cathiton; Utah; 41326; 201 420 335
627; Karl Hermann; 1966-11-22; 1297; Stewartfort; Pennsylvania; 93178; 052 665 652
628; Reuben Berge; 1973-02-07; 78011; Jacobsonland; Colorado; 39942; 465 083 795
629; Tiffani Cruickshank; 2004-03-01; 586; Tammiside; Pennsylvania; 74554; 073 928 974
630; Dr. Le Jerde; 1968-01-08; 399; South Jeromyland; West Virginia; 29952; 544 137 752
631; Eugenio Haley; 1992-11-13; 019; North Jasonfort; Connecticut; 41140; 937 114 929
632; Miss Rico Lowe; 1999-07-24; 50559; Eliciashire; Massachusetts; 92628; 396 096 786
633; Penney Champlin; 1999-05-02; 68991; Port Joseph; Colorado; 80261; 816 238 283
634; Winfred Runte; 1987-12-02; 30111; North Santiagoville; Illinois; 69040; 762 953 792
635; Jerrold Mills; 1994-07-01; 55448; Amaltown; Massachusetts; 76626; 569 647 658
636; Mrs. Raisa Gorczany; 1959-08-20; 702; Irafort; Iowa; 76835; 936 172 979
637; Ms. Tony Corkery; 1985-04-07; 4696; Port Benland; Florida; 81615; 261 911 814
638; Sheila Abbott IV; 1985-06-29; 752; Fabianfort; Arkansas; 03072; 712 676 593
639; Dr. Norma Christiansen; 1981-07-26; 63196; Waltermouth; Georgia; 35721; 160 754 145
640; Brian Hamill II; 1982-11-17; 82276; Renayland; Idaho; 50211; 358 552 075
641; Jeffry Yundt; 1981-06-24; 04195; Corwintown; New Jersey; 32711; 126 620 521
642; Sylvester Treutel; 1996-08-16; 41386; West Delphine; New Jersey; 19641; 705 252 621
643; Vern Sanford; 1963-03-04; 93469; South Adolphshire; North Dakota; 46357; 642 979 017
644; Tyler Gleichner; 1975-07-11; 5089; Marryborough; Utah; 92963; 767 921 743
645; Mrs. Deloise Fadel; 1979-03-12; 4865; West Geoffreyborough; Florida; 77005; 240 191 072
646; Ladawn Wisoky; 1967-07-10; 14108; New Candis; New Jersey; 66315; 155 583 308
647; Clarissa Davis; 1967-11-06; 580; North Milford; New Jersey; 73992; 119 791 636
648; Michele Skiles; 1965-01-12; 892; North Robbyn; South Dakota; 51825; 464 341 398
649; John Hahn; 1996-05-13; 31637; Mullerville; Indiana; 72295; 363 450 713
650; Roselyn Smith; 1995-08-17; 64972; East Onie; South Dakota; 34211; 029 552 568
651; Cedric Bednar; 1984-06-26; 019; Lashellville; Washington; 84826; 501 345 220
652; Demetrius Donnelly; 1995-02-15; 508; Sydneyland; Hawaii; 02299; 439 136 598
653; Claribel Rowe; 1986-12-14; 67806; North Magaretton; New Jersey; 54983; 503 355 246
654; Bev Muller; 1958-02-22; 017; New Henry; Tennessee; 64643; 119 506 166
655; Mr. Toby Johns; 1968-11-16; 131; Lake Elenehaven; North Carolina; 24424; 444 813 489
656; Larry Ziemann III; 1972-09-10; 5851; Yostmouth; Nevada; 34408; 646 383 440
657; Hobert Feeney Jr.; 1962-08-30; 72699; Kreigerfort; Michigan; 39183; 561 553 016
658; Dr. Dominick Waters; 1974-07-30; 146; Heidenreichborough; Vermont; 69613; 656 593 593
659; Shery Ruecker; 1968-06-10; 737; Funktown; Vermont; 71987; 569 179 125
660; Daren Walsh; 1973-06-25; 28801; Jarretthaven; Connecticut; 43765; 278 885 608
661; Mrs. Thurman Breitenberg; 1964-01-26; 7430; Port Jimmy; Maine; 33329; 954 894 485
662; Marci Kassulke MD; 1967-11-16; 761; Tinyton; Nevada; 79359; 354 668 680
663; Becki Schoen; 1958-01-13; 439; Millardshire; Colorado; 65949; 569 923 886
664; Lorna Ruecker; 1972-09-04; 843; Kalihaven; Oregon; 00754; 216 191 856
665; Brock Durgan; 1957-12-13; 4618; North Mickiehaven; Washington; 55069; 081 134 397
666; Jean Adams; 1982-05-13; 4888; Lake Jacintohaven; Texas; 93144; 900 381 984
667; Ivey King; 1978-03-07; 07901; West Betsy; Hawaii; 68177; 611 483 368
668; Randell Adams; 1988-03-29; 114; New Gordonhaven; Washington; 10922; 237 524 560
669; Remona Jaskolski; 1999-03-14; 34769; Botsfordfurt; Connecticut; 04449; 853 169 664
670; Lee Murphy; 1993-07-01; 662; Hyattton; Connecticut; 26067; 250 494 513
671; Maryam Roob; 1982-04-08; 4077; Reedtown; Florida; 11438; 086 124 634
672; Hank Lindgren; 2004-08-23; 11603; Port Katiside; Idaho; 42585; 383 406 391
673; Leo Will I; 1989-08-09; 641; Eugenechester; West Virginia; 20076; 700 404 291
674; Mirna Kshlerin PhD; 1976-02-27; 0089; New Brandeeberg; Delaware; 09973; 098 132 294
675; Dr. Francina Boyer; 1967-04-27; 608; Beckermouth; Rhode Island; 51401; 539 462 757
676; Son Paucek; 2003-07-24; 6862; Domenicaland; Mississippi; 24583; 263 897 812
677; Ayako Jacobi; 1981-03-19; 4497; West Geoffrey; Rhode Island; 19548; 148 810 346
678; Charisse Gusikowski; 1974-04-13; 8480; East Ulysses; Ohio; 32444; 098 955 984
679; Ms. Tiana Cartwright; 1999-03-26; 997; Sharondaville; Maine; 89557; 661 386 675
680; Valentine Schmitt; 1996-08-13; 541; Treenachester; Delaware; 01042; 680 324 330
681; Tova Lueilwitz I; 1993-07-14; 76467; Brianshire; South Carolina; 29330; 864 338 823
682; Dianne Green DDS; 1976-08-06; 864; Grimesville; Indiana; 19754; 397 434 636
683; Winston Larson; 1989-05-13; 117; Nienowfurt; Mississippi; 74056; 025 016 824
684; Tyson Herzog; 1979-02-27; 10596; West Buckfort; Maine; 08771; 168 539 664
685; Alecia Mosciski; 1965-03-27; 77530; North Lora; Idaho; 63868; 598 545 085
686; Billie Ortiz II; 1999-02-24; 670; Aleasechester; Idaho; 96158; 189 196 139
687; Julianna Dickinson; 1980-07-15; 4061; Harberstad; Tennessee; 34926; 240 801 852
688; Johnnie O'Hara III; 1993-09-13; 878; North Sharlene; Illinois; 44384; 246 622 244
689; Isiah Rowe; 1976-08-20; 2237; Cartermouth; Arkansas; 88936; 933 265 335
690; Ahmed Jakubowski; 1981-10-15; 902; Elnaville; Colorado; 56944; 189 637 516
691; Marlene Harris; 2000-07-21; 2757; Howellberg; Alabama; 61218; 541 930 662
692; Johanna Torp III; 2004-05-19; 611; Port Nubia; Alaska; 92768; 248 215 563
693; Nicola Hand; 1961-10-03; 4433; Lake Tiny; Utah; 09250; 593 578 219
694; Hermine Bosco DVM; 1964-09-28; 4407; Russelmouth; Georgia; 30501; 164 243 210
695; Lindsy Shields MD; 1993-08-14; 53771; South Lamontborough; New Mexico; 08771; 009 107 980
696; Lashawna Rolfson MD; 1960-05-13; 074; West Joshua; Arkansas; 80440; 878 229 510
697; Alesia Ruecker IV; 1968-01-04; 1972; Lake Abelmouth; Wisconsin; 73817; 420 574 906
698; Scarlett Muller; 1973-06-26; 688; West Gaynellton; Mississippi; 64772; 730 631 136
699; Carol Crist; 1989-11-24; 27677; Carmenstad; New York; 08801; 414 748 753
700; Mrs. Tanner Collins; 2000-04-10; 54044; Florrieberg; Minnesota; 86475; 826 903 127
701; Porter McDermott; 1984-03-02; 021; New Jonathon; South Dakota; 32679; 880 434 479
702; Ernesto Turner; 1993-07-02; 37105; Lake Cletusfurt; Maryland; 41790; 301 085 683
703; Casie Kuphal; 2001-01-17; 9122; Lake Austin; Vermont; 66822; 312 023 107
704; Delpha Nikolaus; 1993-12-18; 341; Bartellberg; Pennsylvania; 21092; 095 441 810
705; Merrill Abbott; 1970-09-23; 216; West Reynaldomouth; Delaware; 93414; 630 791 913
706; Margot Weber; 1972-06-12; 44965; South Melinashire; Oregon; 57301; 292 812 326
707; Emilio Hegmann; 1988-11-13; 993; Port Shanelside; Indiana; 37356; 913 806 143
708; Demetrius Feil DDS; 1979-04-23; 880; Reynaldoside; Montana; 58391; 843 463 429
709; Tamela Reichert MD; 1984-04-20; 4761; Lake Lavona; New York; 87517; 019 847 309
710; Jules Schroeder DVM; 1994-08-02; 293; Quitzonport; Georgia; 16857; 765 547 283
711; Graig Wilkinson; 1982-03-25; 429; South Chloe; Rhode Island; 96272; 697 066 370
712; Dortha Feeney Sr.; 1966-02-01; 2951; North Linwoodbury; Texas; 77280; 620 372 887
713; Mohamed Rippin; 1969-10-08; 402; South Cathernchester; Iowa; 01763; 939 299 828
714; Aisha Johns; 1982-06-21; 148; East Kerrieberg; Minnesota; 46915; 399 825 354
715; Hoa Reichel; 2001-12-17; 781; North Gino; Wisconsin; 58859; 908 686 856
716; Robbie Weimann; 1959-12-19; 2535; Kohlerfurt; Connecticut; 10173; 670 884 617
717; Margene Bartoletti V; 1963-02-09; 2470; West Kenyettastad; Illinois; 46413; 254 827 150
718; Merri Mueller; 2004-06-17; 9194; Port Janettville; New Hampshire; 09517; 583 816 017
719; Paula Yost; 1994-01-03; 067; Gleasonport; Illinois; 60239; 895 702 502
720; Celeste Lesch; 1964-01-25; 361; South Rex; Colorado; 61831; 788 600 605
721; Renna O'Kon; 1975-08-03; 1926; Ankundingmouth; Arizona; 20392; 626 050 167
722; Lorine Sanford; 1978-07-09; 9003; Nelsonville; Kentucky; 85034; 927 081 840
723; Velma Vandervort Jr.; 1958-12-21; 1681; Schmidtfort; Alabama; 19426; 857 774 916
724; Tanner Mraz; 1968-04-14; 12330; New Joy; Pennsylvania; 43774; 032 052 154
725; Bebe Kshlerin MD; 1995-01-20; 62904; Dickiview; Missouri; 04417; 654 538 909
726; Rogelio Miller; 1958-09-21; 2324; Ceceliachester; Iowa; 90872; 778 245 812
727; Latrisha Boyle; 1992-12-10; 245; Wizaberg; New Mexico; 92899; 752 510 041
728; Cody Deckow; 1975-06-20; 8696; Framibury; North Dakota; 03513; 166 541 681
729; Carie Gorczany PhD; 1985-07-30; 8742; Wittingburgh; South Dakota; 26958; 104 719 201
730; Damien Yundt; 1961-10-02; 7013; Lake Edisonmouth; Massachusetts; 23286; 911 612 057
731; Cruz Veum; 1975-10-02; 724; Port Benitostad; Tennessee; 63832; 982 698 793
732; Julius Jerde; 1974-01-08; 660; Timikaview; Connecticut; 52911; 340 235 864
733; Mrs. Carmine Bosco; 1967-10-29; 893; West Bridgett; Washington; 40924; 490 405 733
734; Graham Cole; 1986-11-11; 9755; New Sheryl; Colorado; 98981; 627 867 304
735; Alene Kunze; 1979-08-24; 6501; Gladysside; Virginia; 78525; 597 717 349
736; Darren Wiegand; 1959-02-27; 910; West Anneliese; Massachusetts; 18108; 629 061 970
737; Belkis Daniel; 1980-08-14; 3210; Port Careyfurt; New Mexico; 78969; 690 766 555
738; Marsha Lebsack; 1969-07-04; 0497; Thielland; Minnesota; 23754; 456 820 654
739; Miss Rolando Mosciski; 1963-01-03; 74666; Port Charleen; New York; 70728; 295 574 947
740; Miss Monserrate Leuschke; 2002-04-18; 510; Lake Jimmyland; Arkansas; 80932; 767 488 841
741; Alfonso Mayer; 1995-09-08; 51185; Jamarmouth; Rhode Island; 92168; 277 544 850
742; Malcolm Kessler; 1982-10-18; 46216; South Milly; Georgia; 01173; 183 694 931
743; Justine Mante; 1963-10-28; 679; North Broderick; Minnesota; 81900; 823 647 939
744; Miss Takisha Hermann; 2001-03-05; 550; New Carlview; Ohio; 87642; 872 466 851
745; Mr. Phillip Lowe; 1988-10-08; 8769; North Darrick; North Carolina; 07891; 333 266 899
746; Chantay Christiansen; 1997-03-25; 480; Douglaston; Iowa; 06910; 560 714 771
747; Tom Lemke; 1969-11-21; 54498; East Kenview; Wisconsin; 30293; 327 122 896
748; Frederic Bode; 1977-06-10; 44146; West Geoffreyport; Missouri; 85410; 732 670 304
749; Shirlene Rath; 1960-01-04; 405; Port Francisca; California; 89706; 471 300 054
750; Adalberto Weimann; 1988-02-16; 373; Guillermomouth; Kansas; 87374; 027 339 714
751; Charlie Ortiz; 2002-07-04; 9220; Kundestad; Minnesota; 94922; 854 758 601
752; Haydee Halvorson; 1957-12-12; 74684; Port Tyview; Connecticut; 75133; 035 936 632
753; Willette Hammes; 1982-07-02; 968; Reaport; Nevada; 57965; 003 702 133
754; Lucina Schultz; 1966-07-22; 1131; North Felicitasside; Nevada; 38506; 468 063 182
755; Mr. Clifton Dach; 1993-07-30; 0176; North Gregg; West Virginia; 27279; 192 125 679
756; Reynaldo Murray; 1991-09-08; 8905; Lake Elma; Hawaii; 45035; 107 130 424
757; Luella Stiedemann; 1987-03-27; 5940; DuBuqueport; Arizona; 49722; 029 140 043
758; Coleman Heathcote; 2004-02-25; 6434; East Diedremouth; Minnesota; 13213; 234 068 876
759; Miss Rhonda Gorczany; 1992-09-18; 340; Stuarttown; Illinois; 39442; 514 907 040
760; Dr. Joselyn Wilkinson; 1991-06-14; 0089; East Michelview; Arkansas; 28681; 414 110 965
761; Margit Jakubowski; 1993-11-05; 85652; East Nanci; Wisconsin; 13726; 367 505 032
762; Janna Mraz; 1963-12-20; 0396; Port Shantellberg; Alaska; 99230; 116 067 368
763; Marquitta Goldner; 1958-07-04; 35984; West Drusilla; Utah; 13194; 519 330 842
764; Hector Cummerata; 1962-01-30; 2168; South Rusty; North Carolina; 09310; 700 049 829
765; Alphonse King II; 1961-10-11; 5456; South Florentino; Washington; 01250; 270 593 820
766; Edmond Padberg; 1994-01-04; 81494; East Hungfurt; Washington; 93678; 959 160 844
767; Monte Harris; 1972-12-19; 47417; Powlowskimouth; Nebraska; 23451; 359 804 084
768; Pierre Doyle; 1987-07-28; 23085; Port Normandtown; Maine; 40811; 056 623 647
769; Katherine Monahan; 1969-11-16; 031; Lake Dougmouth; Mississippi; 58484; 111 238 264
770; Mr. Alaina Parker; 1991-09-15; 4241; Zackaryhaven; Iowa; 63078; 110 026 769
771; Bob Reinger; 1969-04-14; 4394; New Annelleburgh; Pennsylvania; 92473; 373 040 293
772; Tessie Hahn; 2001-07-10; 8385; New Clarenceville; New Jersey; 60424; 175 005 022
773; Eric Gulgowski MD; 1966-07-28; 527; East Trentbury; Connecticut; 05826; 876 081 574
774; Luvenia Gutmann; 1978-09-10; 46870; Lake Jcville; Kansas; 64005; 058 853 473
775; Dr. Blake Williamson; 2002-03-16; 445; New Triciaview; North Dakota; 64005; 483 291 737
776; Milagros Hessel IV; 1985-01-28; 90839; West Keren; New Mexico; 51840; 357 558 005
777; Mrs. Corey Tremblay; 1996-01-18; 16785; VonRuedenburgh; Texas; 24515; 448 325 581
778; Tiny Doyle; 1968-03-23; 1182; Louismouth; Kentucky; 05705; 320 406 398
779; Leon Jacobs II; 1963-12-16; 315; North Meliaside; Alaska; 05596; 390 768 391
780; Bethann Lindgren; 1964-12-17; 180; Lake Leisa; Idaho; 78920; 875 277 679
781; Vernell Yost; 1970-04-22; 97296; East Dirk; Rhode Island; 96331; 638 598 497
782; Miss Irvin Klein; 1982-01-14; 810; West Richard; Kentucky; 21588; 220 523 043
783; Mr. Ferdinand Osinski; 1990-09-05; 03792; East Ethelene; Alabama; 21549; 433 430 989
784; Stevie Hilll; 1975-01-25; 9827; Effertzburgh; Utah; 40074; 135 752 113
785; Blair Johnston I; 1983-09-30; 2201; East Kyungtown; Wyoming; 90315; 224 140 873
786; Marietta Romaguera; 1983-05-15; 104; Lake Branden; Tennessee; 83365; 064 575 369
787; Judy Williamson; 1966-04-13; 740; New Jarretttown; Hawaii; 06593; 484 695 040
788; Mrs. James Langworth; 1973-05-29; 53627; North Cieraberg; North Dakota; 38562; 792 069 754
789; Kiana Russel; 1977-08-11; 19043; Nickymouth; Utah; 43799; 932 719 133
790; Kasey D'Amore; 1999-10-12; 03152; Wendellview; Alabama; 13273; 041 568 255
791; Leigh Kuphal; 1963-07-20; 7648; North Errolberg; Alaska; 17421; 405 411 628
792; Miguel Hegmann; 1988-12-01; 88738; Lake Lane; Pennsylvania; 28902; 140 332 824
793; Hong Considine; 1987-06-22; 42521; West Avelinafurt; Colorado; 90682; 755 274 117
794; Aldo Schmitt; 1980-04-10; 4226; Marqueriteland; Arizona; 31743; 577 347 317
795; Tatiana Farrell; 1991-11-15; 57406; North Kyungchester; California; 34265; 882 002 368
796; Ty Crona; 2000-09-29; 4930; Nathanshire; Colorado; 58381; 410 020 273
797; Kenny Harris; 1998-05-01; 72378; East Aldoside; Virginia; 28945; 423 698 776
798; Sherise Spencer; 1973-11-10; 4251; East Minafurt; South Carolina; 45416; 138 111 400
799; Robbie Pfeffer; 1959-05-10; 0521; Davisland; California; 01889; 882 400 276
800; Elinore Tremblay DDS; 1976-09-06; 2996; Grimesport; Nevada; 76356; 786 012 982
801; Willie Lubowitz; 1992-04-22; 24447; Michealhaven; Pennsylvania; 01675; 210 981 601
802; Neoma Moore; 1970-06-27; 184; Lubowitzview; Massachusetts; 34290; 417 256 401
803; Karlyn Turner; 1975-12-13; 1511; Wuckertfurt; Connecticut; 54288; 349 278 962
804; Jody Shanahan; 1973-06-19; 5414; Gaylordhaven; Alabama; 11326; 621 757 876
805; Harris Blick; 1957-12-02; 25005; Norrisville; Nevada; 02479; 117 839 274
806; Regenia Schaden; 1989-01-31; 545; Lake Gale; Kansas; 08434; 183 574 698
807; Ludie Rempel; 1969-06-20; 549; Port Brandenbury; Oklahoma; 05391; 647 002 190
808; Kerri Runolfsson; 1992-03-16; 092; New Olen; Idaho; 55167; 325 041 223
809; Dr. Corrine Fadel; 1993-02-05; 80293; West Gudrunport; Alabama; 59434; 773 657 187
810; Refugia Goodwin Jr.; 1984-12-28; 57062; South Randalburgh; Virginia; 53047; 693 260 933
811; Ted Bartoletti; 1970-10-16; 7159; Nelsonfort; Arizona; 96951; 299 296 660
812; Shin Waelchi; 1964-07-22; 057; Kilbackborough; Colorado; 86250; 699 102 792
813; Maxwell Haag; 1982-05-06; 03663; Armandomouth; New York; 93648; 731 258 943
814; Dr. Toshiko O'Connell; 1987-02-15; 282; Macejkovichaven; Vermont; 02518; 205 019 492
815; Tangela Ratke II; 1989-01-01; 786; Lake Eunicefurt; Massachusetts; 47634; 955 560 121
816; Elden Littel; 1997-09-03; 72929; North Caleb; Arizona; 53933; 868 501 216
817; Jaqueline Muller; 1989-02-09; 671; Amadoview; Arkansas; 89291; 231 098 894
818; Britt Runolfsson; 1957-10-17; 26549; Port Spencerburgh; Utah; 13405; 252 996 032
819; Johanna Rempel; 1990-04-04; 47033; Chunghaven; Idaho; 04184; 344 447 817
820; Evita Ward; 1961-04-12; 5807; Jamilashire; Idaho; 93454; 960 514 895
821; Francisco Dooley; 1992-10-31; 302; Angeloport; Indiana; 84950; 436 177 224
822; Kimberlie Huels; 1972-11-21; 019; Lake Dudleyberg; Florida; 86932; 243 037 444
823; Lenard O'Reilly; 1979-09-18; 57331; East Teodoroshire; New Hampshire; 85445; 438 086 275
824; Monika Sauer; 1964-05-24; 691; New Lionelfurt; Kentucky; 98456; 400 007 766
825; Solomon Quitzon; 1959-09-27; 4206; South Benitaland; Oregon; 45467; 812 048 452
826; Mohammed Conn; 1971-09-27; 34053; Byronville; Illinois; 87242; 842 082 747
827; Phillis Mitchell; 1995-05-28; 518; Coleborough; North Carolina; 72171; 107 653 987
828; Aurelio Blick Jr.; 1961-01-30; 267; East Alaina; South Dakota; 95233; 737 480 983
829; Kip Tillman; 1962-01-25; 5167; Queenfurt; North Carolina; 86675; 876 427 601
830; Josue Bogan DVM; 1994-06-18; 63207; New Bradfordberg; New York; 58253; 222 258 165
831; Heather Becker; 1972-11-28; 438; Millsview; Wyoming; 17990; 159 894 897
832; Juli Walker; 1961-06-02; 2597; Jodieton; West Virginia; 99054; 458 842 041
833; Kelley Hamill; 1998-03-23; 5477; Marybelleview; South Carolina; 18143; 854 603 608
834; Odette Rau; 1960-07-24; 66610; North Lindaberg; Texas; 89334; 896 678 250
835; Raguel Kihn; 1971-09-25; 8298; South Pagechester; Delaware; 51461; 063 897 024
836; Glendora Simonis Sr.; 1987-02-24; 214; Kuhlmanmouth; West Virginia; 94098; 722 510 939
837; Howard Luettgen Jr.; 2001-06-13; 430; West Eloyborough; Oklahoma; 85351; 446 821 932
838; Milton Jones; 1962-11-21; 94727; Kautzermouth; Nebraska; 60859; 573 756 796
839; John Bartell MD; 1981-11-04; 560; Maynardhaven; Alaska; 81722; 593 837 667
840; Deandre Lynch; 1971-12-28; 633; Port Kaseyfurt; Michigan; 16978; 273 985 670
841; Millie Smith IV; 1975-05-19; 75293; West Doloresshire; Texas; 58008; 441 589 230
842; Dr. Dan Senger; 1987-11-22; 780; South Adrieneview; Tennessee; 05741; 367 458 439
843; Chance Lueilwitz DVM; 1959-06-04; 07677; Halvorsonville; Ohio; 58724; 575 249 212
844; Thea Grimes; 1969-09-01; 02380; Lake Marcelene; Mississippi; 54068; 105 532 353
845; Starr Wisoky; 1970-09-22; 78259; East Micheal; Maryland; 03924; 761 651 132
846; Doug Schuster; 1958-04-06; 449; Shainaview; Delaware; 77536; 504 490 164
847; Armando Emmerich; 1987-05-23; 1716; Bartellhaven; Texas; 19854; 986 518 506
848; Timika Goldner; 1979-10-02; 435; Blickland; Oklahoma; 47978; 562 371 100
849; Brandie Larson IV; 1967-12-11; 9812; New Joaquinachester; Illinois; 74798; 174 928 657
850; Charis Lynch; 1991-12-18; 90188; Dietrichfort; Alaska; 26631; 548 313 479
851; Janyce Hoeger Jr.; 1989-04-26; 96482; New Jerilyn; Nebraska; 45607; 619 265 554
852; Fern Rippin; 1968-06-19; 10842; Danielstad; Vermont; 99761; 144 762 516
853; Evie Kling; 1975-02-22; 6651; Joshuabury; Indiana; 26682; 507 493 504
854; Norah Skiles; 1969-01-29; 3314; North Lynn; Oklahoma; 41551; 266 114 850
855; Alphonso Deckow; 1972-11-07; 457; Lake Natosha; Minnesota; 53127; 940 716 721
856; Levi Simonis; 2000-06-01; 66380; Gleasonhaven; Idaho; 05070; 799 692 447
857; Fernando Metz MD; 1981-02-25; 44733; North Will; Kentucky; 62189; 452 962 896
858; Meta Tromp; 1977-05-02; 4027; North Tiana; Missouri; 88103; 756 441 844
859; Marlena Labadie; 2003-11-30; 3996; Wiltonview; Virginia; 11894; 061 283 768
860; Graig Graham; 1972-11-07; 5318; Kurtbury; Oklahoma; 91339; 663 496 159
861; Elias Schuster; 1986-03-23; 415; Rebecaborough; Mississippi; 31104; 439 026 436
862; Cedric Schaefer; 1967-11-22; 289; Lake Mikel; Delaware; 06941; 592 814 487
863; Dewitt Hodkiewicz; 1987-10-25; 047; Winonamouth; Alabama; 16573; 213 861 197
864; Floyd Sporer; 1986-12-12; 9719; South Danyelle; Michigan; 46601; 488 904 629
865; Elana Raynor; 1988-10-03; 7182; Port Chantay; Nebraska; 54449; 810 978 934
866; Mora Collins DVM; 2001-04-24; 28705; South Zackaryberg; Iowa; 99659; 601 029 433
867; Rosendo Anderson; 1982-02-17; 03950; North Kaylaborough; Kentucky; 41352; 736 835 478
868; Kathrin Harris III; 1995-04-28; 377; Jeffryfort; South Dakota; 98874; 048 643 777
869; Madeleine Daugherty; 1996-07-22; 1795; Reingerbury; Nebraska; 20696; 908 202 061
870; Tamisha Robel; 1995-11-30; 43531; South Shawnna; Kentucky; 66786; 866 210 734
871; Deanne Abbott; 1972-03-26; 979; Lake Jonah; Maine; 08173; 881 818 462
872; Mr. Bryan Ondricka; 1978-12-29; 953; Carmenstad; Indiana; 64745; 664 615 678
873; Sharell Harvey; 1971-12-31; 404; Ronnyville; Nevada; 06919; 219 966 303
874; Mrs. Filiberto Carroll; 1976-10-21; 85264; West Teofila; Idaho; 51925; 329 821 724
875; Cary Bergstrom; 1993-01-03; 43267; Wolffport; Illinois; 41550; 598 168 159
876; Eveline Hudson; 1982-03-20; 10297; Damianland; Oklahoma; 07855; 171 077 146
877; Alvin Stamm; 1981-03-10; 8006; Lake Dottietown; Rhode Island; 99480; 618 126 413
878; Dalia Durgan III; 1994-01-24; 93736; Howeview; Washington; 40035; 203 391 213
879; Orpha Jacobi; 1992-10-11; 39212; South Yong; Montana; 64710; 756 787 989
880; Johanna Trantow; 1969-02-03; 99532; Kshlerinmouth; Kentucky; 54791; 916 172 343
881; Milton Bogisich Jr.; 1981-12-28; 6933; North Dionnashire; Louisiana; 13346; 951 883 247
882; Michael Satterfield; 2000-12-04; 7901; Huelberg; Texas; 01628; 342 443 327
883; Darren Maggio; 1998-09-02; 40505; Lake Percy; Oklahoma; 40588; 376 755 375
884; Raymundo Davis Jr.; 2004-06-18; 148; Port Denisland; Maine; 04902; 351 979 485
885; Season Barton; 1976-06-13; 9391; Darrelltown; New Jersey; 83535; 792 762 372
886; Eddy Kovacek; 1983-08-27; 044; Orenview; Connecticut; 52193; 245 667 792
887; Rosalba Rodriguez I; 1967-07-09; 722; Maeganland; Connecticut; 83210; 837 762 861
888; Cherly D'Amore II; 1972-06-30; 238; Koreyton; New York; 56236; 782 220 405
889; Elida McClure; 1978-05-09; 5075; Port Hortense; Wisconsin; 56131; 826 875 097
890; Tonita Reichel; 1984-10-02; 717; Schoenside; South Dakota; 71979; 790 904 234
891; Marcelo West PhD; 1988-04-21; 0503; Port Delpha; Maine; 36681; 518 231 398
892; Ahmed Considine III; 2003-10-20; 996; Jarvischester; Vermont; 21575; 968 639 740
893; Lauri Haley; 1986-08-15; 9854; West Marnabury; West Virginia; 56390; 621 041 012
894; Joelle Pacocha; 1990-06-02; 6716; North Kymberly; New Mexico; 83374; 322 962 497
895; Johnie Heidenreich DVM; 1990-08-21; 022; East Gustavo; Florida; 79891; 309 120 756
896; Elden D'Amore; 1962-10-03; 19293; Ludivinaport; Vermont; 81451; 831 850 954
897; Gertrud Turner; 1995-05-27; 37427; North Tana; Minnesota; 06742; 145 143 514
898; Marna Ullrich; 1993-05-19; 7208; South Werner; Texas; 17355; 238 442 108
899; Rocky Hammes; 1997-04-20; 958; Scottyberg; New Hampshire; 26760; 445 253 618
900; Stephane Hoppe; 1999-12-20; 4683; Hermanstad; Iowa; 57124; 613 898 168
901; Blake Rogahn; 1998-03-19; 547; South Jerrell; Pennsylvania; 24060; 418 441 746
902; Carola Hilpert II; 2004-01-28; 156; Reingerland; New York; 10498; 517 833 640
903; Toi Quigley; 1962-07-30; 0979; Cristchester; Rhode Island; 30199; 042 970 476
904; Hugo Walker; 1979-06-17; 936; Lilaport; Kansas; 98875; 643 617 190
905; Gaylene Hudson; 1988-12-31; 0898; West Vanessaberg; Massachusetts; 42541; 824 668 642
906; Dr. Malisa Keebler; 1971-05-16; 39806; North Cordell; Idaho; 23547; 426 336 235
907; Mr. Marcellus Kuhic; 1998-12-24; 7687; East Cherestad; Arizona; 40983; 445 030 855
908; Latarsha Welch; 1984-07-27; 308; Hickleton; New York; 03837; 815 675 413
909; Mr. Randal Willms; 2002-02-18; 2528; Dennymouth; Oklahoma; 93833; 257 433 647
910; Dr. Markus Kub; 1989-12-04; 22965; Okunevaton; Tennessee; 38097; 861 464 382
911; Kris Ruecker; 1978-07-06; 6044; Albaburgh; North Dakota; 76214; 961 951 200
912; Zulema Cummerata; 1966-11-02; 0671; North Tam; Vermont; 35839; 419 918 269
913; Israel Padberg; 1972-03-23; 4965; Baumbachmouth; Vermont; 12735; 316 605 234
914; Tanner Gislason; 1979-06-04; 39387; Dibberthaven; Hawaii; 11843; 491 473 208
915; Sylvester Gottlieb; 1959-07-14; 405; Kristoferfort; North Carolina; 07508; 248 820 599
916; Sherman West; 1978-07-26; 355; West Raphaelburgh; Utah; 25963; 634 394 629
917; Blaine Wilkinson; 1963-04-06; 3057; South Sergioton; Virginia; 28458; 201 128 468
918; Jacalyn Prosacco; 1987-09-24; 66228; Hilpertberg; Connecticut; 99866; 002 925 716
919; Miss Desirae Nienow; 1985-09-23; 264; Augustshire; New Hampshire; 33095; 750 261 613
920; Guillermo Nienow II; 2000-02-02; 92943; West Edmondchester; Arizona; 15557; 782 362 977
921; Mr. Azalee Lueilwitz; 1986-05-26; 4008; East Elisehaven; Texas; 10087; 300 484 836
922; Bobbie Bartell DVM; 1980-08-13; 9462; Lake Chelsiemouth; Tennessee; 69483; 479 869 752
923; Leeanne Jones; 1982-06-09; 81074; Mariaside; New Hampshire; 32711; 603 727 550
924; Dr. Jaime Grimes; 1969-06-30; 4793; Alenaview; Washington; 53899; 270 861 611
925; Steven Breitenberg; 1960-04-29; 0217; South Willyview; New York; 91244; 014 819 542
926; Graig Will; 1977-01-20; 63377; Mariettachester; Massachusetts; 32597; 560 353 196
927; Jed Lebsack; 1959-05-20; 96795; East Jeffryburgh; South Dakota; 15579; 923 209 953
928; Georgette Gleason; 2001-07-13; 153; Cronaburgh; Arizona; 72421; 724 868 777
929; Lou Kreiger; 1999-06-02; 912; Port Teresaport; Kansas; 70366; 440 055 762
930; Tyrone Prosacco; 1995-10-09; 007; Okunevastad; Delaware; 61913; 600 546 575
931; Miss Grayce Collins; 1988-03-12; 2562; Laurynhaven; Washington; 04342; 806 455 298
932; Gwen Grant; 1996-08-28; 8682; New Edmond; Missouri; 79162; 830 332 737
933; Jeffrey Streich; 1992-08-07; 94466; Port Jordon; Missouri; 14847; 259 039 247
934; Love Kemmer; 1983-12-21; 21040; West Kyramouth; New Mexico; 82736; 564 585 961
935; Max Zieme; 1997-02-24; 526; West Cordietown; Colorado; 03801; 413 077 982
936; Mitchell Erdman; 1968-10-09; 40277; Stokesfort; Maine; 82822; 798 094 374
937; Crista Wilderman; 1976-02-10; 48362; East Armandbury; Ohio; 22943; 920 665 954
938; Duane Hayes; 1989-05-22; 622; Kuvalischester; Montana; 03779; 257 258 522
939; Reina Cormier; 1964-09-16; 069; Breitenbergborough; North Carolina; 35538; 537 907 902
940; Jamie Cartwright; 1983-01-17; 8366; North Carolmouth; Wisconsin; 01853; 433 589 937
941; Myra Kling; 1997-10-21; 53203; Talithaberg; New Hampshire; 92686; 026 186 480
942; Carlo Sauer; 1989-06-04; 20570; Kundeport; Maine; 43125; 892 493 847
943; Alphonse Schiller; 1980-10-26; 6798; Nitzscheville; Connecticut; 54735; 633 446 257
944; Samuel Larson; 1975-03-08; 1258; New Haifort; Rhode Island; 20473; 089 655 397
945; Lashawna Torphy; 1968-05-14; 17708; South Irving; New Hampshire; 74643; 024 567 658
946; Dottie Renner; 1972-11-27; 374; Port Taneshastad; Louisiana; 46741; 422 326 464
947; Enola Lowe; 1962-02-06; 163; West Anitabury; Arizona; 93649; 445 808 970
948; Cecil Hermiston; 1990-11-27; 924; East Melvin; North Carolina; 47539; 880 382 778
949; Cruz Gottlieb; 1981-12-04; 2454; Mitchville; Oklahoma; 37126; 302 209 458
950; Sylvester Flatley V; 1982-10-05; 2612; West Stefany; Texas; 36873; 433 839 467
951; Dr. Rayford Hessel; 2002-02-23; 42280; New Merrill; Alabama; 22886; 027 070 448
952; Leandra Reinger; 1973-07-15; 198; North Metahaven; Michigan; 53023; 934 223 809
953; Mr. Leandro Nikolaus; 1964-04-28; 222; South Fidel; New York; 83669; 571 342 260
954; Christopher Reinger; 1994-05-19; 1153; Boganmouth; Louisiana; 69227; 872 099 539
955; Noah Rosenbaum; 1972-04-29; 9962; South Mahaliachester; Georgia; 10637; 218 855 206
956; Merlin Pagac; 1981-04-10; 794; Lake Cory; Wisconsin; 00139; 262 342 046
957; Mariano Bartoletti; 1969-12-29; 8228; New Gustavo; New Hampshire; 54468; 285 842 897
958; Doretta Johnston; 2003-11-01; 07809; Stantonstad; Virginia; 02778; 312 151 073
959; Dr. Laveta Schneider; 1991-12-30; 9508; Nitzscheville; Texas; 52058; 600 599 969
960; Deidra Aufderhar; 2000-09-09; 095; Dustinfurt; Alabama; 47817; 173 348 525
961; Leroy Rodriguez; 1966-01-25; 1151; Andytown; Nebraska; 16404; 192 794 597
962; Mrs. Rick Aufderhar; 1976-05-09; 764; North Ameeside; Georgia; 95408; 874 388 565
963; Lyle Kulas; 1969-03-31; 5654; Markstown; Colorado; 23168; 724 018 157
964; Aiko Torphy; 2000-01-16; 384; Shirleetown; South Dakota; 37343; 682 707 949
965; Dr. Brandon Casper; 1979-11-08; 2489; Bodeborough; California; 83852; 286 402 498
966; Art McClure; 1986-06-07; 71100; Jayeview; Connecticut; 83883; 303 377 130
967; Cameron Erdman; 1964-06-27; 04234; Daiseymouth; Mississippi; 40110; 414 100 118
968; Wiley Goodwin; 1981-03-08; 5900; Huelberg; Minnesota; 79986; 659 495 000
969; Raul Morissette; 1960-09-03; 09816; Hopeland; Arizona; 47537; 458 165 177
970; Juan Rippin; 1992-11-10; 5615; West Merle; Nevada; 18744; 600 574 134
971; Kenny Ebert; 1959-12-06; 10186; Marvinville; Maryland; 39076; 298 435 659
972; Dirk Koelpin; 1965-04-30; 654; Darehaven; South Dakota; 11508; 357 686 610
973; Willia Nicolas; 1987-08-21; 687; Marvinside; West Virginia; 86669; 114 863 772
974; Miss Marna Barrows; 1966-01-25; 142; Gaylordborough; Mississippi; 49230; 277 754 629
975; Alex Welch Sr.; 1985-07-10; 3514; Jenburgh; Iowa; 69617; 453 179 705
976; Shan Schumm; 1984-10-05; 703; Millsfort; Massachusetts; 46098; 538 403 914
977; Bernardo Lynch IV; 1962-05-05; 9531; Bobbyside; Massachusetts; 18964; 071 554 547
978; Brice Schuster; 1972-09-14; 475; North Mirtha; Connecticut; 35769; 141 719 035
979; Lovie Reilly; 1965-09-11; 4955; South Otha; Arizona; 48213; 410 364 731
980; Dr. Enoch Keebler; 1998-02-22; 5147; West Antoniafurt; Michigan; 10694; 293 317 153
981; Zachery Bosco; 1968-02-13; 4628; Shelbyview; West Virginia; 61376; 709 406 646
982; Avis Shields PhD; 2003-08-22; 18562; Port Diegoside; North Carolina; 93016; 254 128 605
983; Cheyenne Price IV; 1975-05-13; 68952; North Joesph; Connecticut; 93714; 174 812 858
984; Harvey Grimes; 1998-08-20; 3753; Kunzeview; Wisconsin; 81023; 417 362 341
985; Marianela Goldner MD; 2002-11-29; 64735; Hilpertburgh; Tennessee; 98646; 273 001 869
986; John Shields; 1972-02-22; 5645; West Toneyhaven; Iowa; 11650; 686 854 191
987; Sandee Huel; 1978-09-23; 3917; North Anthonyberg; Illinois; 39663; 927 336 436
988; Abbey Brekke; 1999-11-21; 71043; Lake Ilonaland; New York; 79261; 563 523 785
989; Shiela Brown; 1964-08-16; 4350; Jarredhaven; Missouri; 32333; 020 205 473
990; Vincent Hudson I; 1999-10-09; 86820; Ernestchester; Arkansas; 47837; 520 265 313
991; Federico Kuphal; 1989-05-31; 775; North Melfort; Kentucky; 52970; 317 099 524
992; Daina Schmeler; 1967-10-08; 5219; Sauerhaven; Massachusetts; 66179; 740 804 018
993; Elden Jakubowski I; 1973-01-12; 92147; Rudolfville; Mississippi; 60505; 897 479 204
994; Cristin Crona; 1976-06-27; 1317; New Marcomouth; Iowa; 35570; 130 426 539
995; Hosea Schumm; 1974-07-16; 0179; New January; North Dakota; 61181; 477 429 525
996; Wesley Schowalter; 1971-07-07; 3203; East Maria; California; 77785; 166 149 408
997; Reggie Stokes; 1972-09-25; 963; Parkerchester; New Hampshire; 47396; 204 845 728
998; Jeromy Nader; 1985-08-15; 7681; Verlineview; South Carolina; 50991; 171 710 035
999; Steven Tillman; 1980-07-21; 7995; East Consuelaton; Idaho; 75310; 898 768 886
1000; Elliot Bechtelar; 1978-03-15; 583; Port Leland; Utah; 30901; 490 826 544
