ID; storeName; address; city; ZIP; state; phoneNumber
1; Friesen-Schumm; 1949; Gleasonmouth; New Mexico; 89610; 450 500 562
2; Franecki, Kihn and Rath; 9676; Tillmanbury; Michigan; 00726; 118 887 086
3; Watsica Group; 357; Juanbury; Iowa; 84711; 598 883 697
4; Nitzsche Group; 983; South Jasper; Arizona; 49462; 787 393 197
5; Kassulke, Rodriguez and Kuphal; 4491; East Grady; Hawaii; 65353; 346 746 431
6; Shanahan LLC; 44752; Labadiechester; Illinois; 47821; 365 505 603
7; Simonis, Hickle and Mueller; 850; Konopelskiville; Utah; 22272; 747 670 580
8; Feest-Lubowitz; 3888; Lake Lucienmouth; West Virginia; 60082; 564 423 781
9; Windler, Turcotte and Littel; 795; North Sylviatown; Pennsylvania; 51780; 646 138 129
10; O'Connell, Muller and Gutkowski; 041; Jakubowskiview; Mississippi; 58449; 031 360 497
11; Emard-Rodriguez; 33909; New Jackelyn; New Jersey; 82627; 990 671 665
12; Mosciski-Lind; 646; Dibbertland; Nebraska; 60524; 864 556 173
13; Hills, Jones and Crooks; 551; North Brandenbury; Arizona; 99910; 017 909 147
14; Kunze, Mertz and Denesik; 95974; Jefferyland; Connecticut; 45135; 944 668 740
15; Sauer LLC; 6723; Thielstad; Iowa; 53350; 427 023 133
16; Simonis Group; 675; Lake Aubreyview; Massachusetts; 91675; 401 040 954
17; Kertzmann, Ritchie and Breitenberg; 98469; Michaleview; Virginia; 44177; 706 459 513
18; Thompson LLC; 889; West Rebecca; Georgia; 18059; 877 482 784
19; Thompson, Ruecker and Sauer; 491; Okunevaview; Illinois; 15449; 054 087 679
20; Hessel-Swaniawski; 621; Eugeneport; Colorado; 33197; 441 631 220
21; Waters and Sons; 931; South Duncanton; Maryland; 28072; 123 385 857
22; Kirlin-Bartoletti; 499; Carolborough; Georgia; 68624; 358 084 970
23; Mante-Robel; 0238; O'Connellbury; Florida; 43094; 179 564 680
24; Stiedemann and Sons; 18520; Hilpertville; South Dakota; 80485; 968 028 029
25; Wilderman, Ebert and Waelchi; 254; Claudiofort; West Virginia; 86060; 222 943 945
26; Corkery, Cronin and Jenkins; 9689; Wileyshire; Washington; 91513; 072 086 011
27; Oberbrunner, Brown and Reichel; 091; Kundemouth; North Dakota; 96546; 569 910 670
28; Aufderhar LLC; 9392; Schuppefort; Maryland; 39443; 050 165 030
29; Boehm Inc; 75558; Ngafort; Nebraska; 21061; 049 836 463
30; Borer, Kertzmann and Cummerata; 70389; Lake Roy; Kansas; 24533; 286 918 529
31; Lang, Spencer and MacGyver; 725; Windlerside; Tennessee; 02091; 097 798 242
32; Deckow-Reichert; 993; Hauckborough; Vermont; 17834; 733 584 394
33; Yost Group; 289; Weimanntown; Tennessee; 28931; 763 607 756
34; Feest LLC; 046; Lelahfurt; New Jersey; 53626; 309 471 115
35; Kuhn, Hayes and Shields; 6070; Howellmouth; Alabama; 59995; 383 644 345
36; Cassin Group; 0613; Jordanfort; Alaska; 36284; 149 310 794
37; Abbott Inc; 169; Stephanborough; Utah; 86275; 769 172 154
38; Kerluke, Walter and Stiedemann; 105; Port Claud; Georgia; 34203; 378 018 768
39; Wuckert-Barrows; 1818; Christianatown; Nebraska; 37373; 799 199 796
40; Rutherford LLC; 953; Hicklefurt; West Virginia; 28581; 118 970 136
41; Altenwerth LLC; 2788; North Juliusfurt; Nebraska; 86079; 196 188 317
42; Heidenreich-Cronin; 6186; Christiansenborough; Colorado; 95930; 030 083 679
43; Gottlieb-Wisoky; 96544; East Donitabury; New Hampshire; 16325; 582 935 729
44; Kuvalis Group; 0028; Kieshaberg; Iowa; 65175; 212 471 268
45; Spencer and Sons; 609; Tondamouth; Virginia; 84980; 120 913 714
46; Farrell-Schiller; 636; New Alejandrobury; Virginia; 96745; 297 229 039
47; Zemlak, White and Trantow; 479; West Lorrine; Arkansas; 48402; 269 597 541
48; Waters-Lindgren; 53758; New Lanaberg; Wisconsin; 46315; 959 803 190
49; Lakin, Halvorson and Glover; 326; Port Allen; Idaho; 27450; 400 846 456
50; Predovic-O'Hara; 1715; Wehnerland; Alaska; 10466; 610 022 369
51; Ward Group; 2490; Josephfort; Alaska; 34908; 894 663 238
52; Koch-Carter; 2540; New Floy; North Dakota; 77356; 044 011 504
53; Ernser, Schiller and Toy; 140; Damionberg; Wisconsin; 83244; 203 735 996
54; Doyle, Goodwin and Bernhard; 2557; Corkerybury; Ohio; 61890; 417 224 677
55; Botsford-Leffler; 41982; East Akilah; Wyoming; 36319; 276 256 670
56; Rau, Roob and Kunde; 6827; Ricardoburgh; Connecticut; 62954; 845 808 962
57; Schaefer, Runolfsson and Bailey; 0002; South Constanceland; North Carolina; 15871; 623 729 206
58; Christiansen, Moore and VonRueden; 2328; South Manyview; Colorado; 94642; 728 674 999
59; Heller and Sons; 67803; South Milan; Kansas; 43411; 352 792 625
60; Konopelski-Hilpert; 21575; East Fredrickborough; Washington; 15133; 776 154 783
61; Hane, Hamill and Dickinson; 23583; North Osvaldofurt; Kentucky; 59114; 308 290 658
62; Labadie, Kemmer and Stokes; 175; North Coral; Iowa; 06996; 910 944 296
63; Heller, Carroll and Greenfelder; 8762; New Antoinebury; Kansas; 01692; 497 848 338
64; Mante Group; 15442; Lake Deanhaven; Wyoming; 55896; 403 349 386
65; Murphy-Friesen; 93578; Jacobsland; New Jersey; 25427; 733 855 966
66; Ernser, Doyle and Haley; 5049; Fadelburgh; Nevada; 31202; 335 251 731
67; Mraz, McGlynn and Stehr; 12117; South Trish; North Dakota; 66695; 620 600 206
68; Crooks-Nader; 253; Port Heriberto; North Dakota; 10841; 860 092 848
69; Windler-Wyman; 54960; Carmineberg; Mississippi; 35043; 066 905 163
70; Runolfsdottir LLC; 737; East Olenmouth; Louisiana; 48379; 041 538 872
71; Wolff LLC; 523; Sheldonview; Virginia; 99433; 680 667 754
72; Greenfelder LLC; 80565; MacGyverfort; North Carolina; 24502; 454 537 682
73; Braun and Sons; 757; New Anibal; Florida; 33969; 707 295 152
74; Thompson and Sons; 72060; Port Carlene; West Virginia; 41643; 409 034 208
75; Lemke, Langosh and Lubowitz; 58813; South Charita; Connecticut; 71452; 233 676 691
76; Gleichner LLC; 476; Meaganfurt; Washington; 79332; 191 870 430
77; Jones, Nienow and Bradtke; 3248; Zackaryberg; Utah; 30402; 283 161 471
78; White, Quitzon and Daugherty; 98146; Port Eneidamouth; Missouri; 37424; 834 010 505
79; Blanda-Mraz; 107; Arnulfofurt; Delaware; 11120; 398 330 112
80; Corkery, Flatley and Kertzmann; 2828; East Carrolton; Mississippi; 26477; 947 452 191
81; Rowe-D'Amore; 668; Claudiofort; Indiana; 50383; 070 863 788
82; Howell, Langosh and Ortiz; 01958; North Gonzaloton; Ohio; 52543; 578 930 016
83; Beer Inc; 01130; Farrellland; Minnesota; 72789; 554 670 066
84; Veum-Aufderhar; 0266; North Izetta; Wyoming; 84442; 098 664 293
85; Marquardt-Grimes; 31363; Octaviohaven; Arkansas; 62371; 373 358 825
86; Pouros, Turner and Gaylord; 20291; Torphyshire; Connecticut; 71997; 552 187 648
87; Hessel LLC; 11207; Terrellmouth; Louisiana; 33656; 611 729 154
88; Anderson, Murazik and Hane; 0426; Latanyatown; Louisiana; 17947; 510 378 906
89; Cormier, Stamm and Kunze; 82876; Pacochaview; Wyoming; 65907; 159 656 224
90; Waelchi Group; 6122; New Chassidy; Mississippi; 32874; 337 980 220
91; Purdy, Hayes and Gislason; 06779; South Wayne; Maryland; 69614; 368 871 625
92; Effertz and Sons; 5835; Gleasonfort; Kansas; 71939; 452 747 611
93; Walsh, Ryan and Kerluke; 750; New Piaberg; North Carolina; 01343; 136 432 691
94; Conn Inc; 4903; Lake Ariel; Wyoming; 35287; 501 721 992
95; Abshire Inc; 4419; Port Dario; Pennsylvania; 72215; 016 473 211
96; Lockman and Sons; 7576; Dodiefort; Alabama; 72879; 995 507 329
97; Hills, Funk and Ebert; 83827; Bartellburgh; Ohio; 56867; 661 445 202
98; Kreiger Group; 6404; West Angelbury; Tennessee; 59402; 136 456 234
99; Hintz, O'Connell and Dickens; 8469; Lake Gail; Delaware; 74398; 686 420 154
100; Kulas and Sons; 2158; North Jackie; Vermont; 34835; 230 328 662
